file_name,pitch_class,zone
pitch2.mp4,strike,11
pitch6.mp4,strike,11
pitch7.mp4,strike,11
pitch9.mp4,strike,11
pitch10.mp4,strike,11
pitch11.mp4,strike,11
pitch12.mp4,strike,11
pitch13.mp4,ball,11
pitch15.mp4,strike,11
pitch16.mp4,strike,11
pitch22.mp4,ball,11
pitch25.mp4,strike,11
pitch29.mp4,ball,11
pitch32.mp4,ball,11
pitch34.mp4,strike,11
pitch35.mp4,ball,11
pitch37.mp4,strike,11
pitch38.mp4,strike,11
pitch39.mp4,strike,11
pitch40.mp4,strike,11
pitch42.mp4,strike,11
pitch46.mp4,strike,11
pitch47.mp4,ball,11
pitch49.mp4,strike,11
pitch53.mp4,strike,11
pitch57.mp4,ball,11
pitch59.mp4,ball,11
pitch60.mp4,strike,11
pitch62.mp4,strike,11
pitch63.mp4,strike,11
pitch66.mp4,strike,11
pitch72.mp4,strike,11
pitch73.mp4,strike,11
pitch78.mp4,ball,11
pitch79.mp4,strike,11
pitch83.mp4,ball,11
pitch92.mp4,ball,11
pitch97.mp4,strike,11
pitch100.mp4,ball,11
pitch102.mp4,ball,11
pitch104.mp4,strike,11
pitch105.mp4,strike,11
pitch107.mp4,ball,11
pitch109.mp4,ball,11
pitch112.mp4,strike,11
pitch113.mp4,ball,11
pitch114.mp4,ball,11
pitch115.mp4,strike,11
pitch120.mp4,strike,11
pitch125.mp4,ball,11
pitch126.mp4,ball,11
pitch128.mp4,strike,11
pitch130.mp4,ball,11
pitch131.mp4,strike,11
pitch132.mp4,ball,11
pitch145.mp4,strike,11
pitch148.mp4,strike,11
pitch151.mp4,strike,11
pitch152.mp4,ball,11
pitch153.mp4,strike,11
pitch154.mp4,ball,11
pitch156.mp4,strike,11
pitch157.mp4,strike,11
pitch159.mp4,strike,11
pitch160.mp4,strike,11
pitch162.mp4,strike,11
pitch163.mp4,strike,11
pitch166.mp4,ball,11
pitch168.mp4,ball,11
pitch169.mp4,strike,11
pitch178.mp4,strike,11
pitch179.mp4,ball,11
pitch180.mp4,strike,11
pitch184.mp4,strike,11
pitch187.mp4,strike,11
pitch189.mp4,strike,11
pitch191.mp4,ball,11
pitch192.mp4,strike,11
pitch193.mp4,strike,11
pitch195.mp4,ball,11
pitch201.mp4,ball,11
pitch202.mp4,strike,11
pitch206.mp4,strike,11
pitch207.mp4,strike,11
pitch209.mp4,strike,11
pitch211.mp4,ball,11
pitch213.mp4,strike,11
pitch214.mp4,ball,11
pitch216.mp4,ball,11
pitch217.mp4,ball,11
pitch218.mp4,strike,11
pitch219.mp4,strike,11
pitch221.mp4,ball,11
pitch222.mp4,ball,11
pitch223.mp4,strike,11
pitch224.mp4,strike,11
pitch225.mp4,ball,11
pitch226.mp4,ball,11
pitch228.mp4,ball,11
pitch229.mp4,strike,11
pitch232.mp4,strike,11
pitch237.mp4,strike,11
pitch242.mp4,ball,11
pitch244.mp4,strike,11
pitch246.mp4,ball,11
pitch248.mp4,strike,11
pitch250.mp4,ball,11
pitch252.mp4,strike,11
pitch254.mp4,strike,11
pitch257.mp4,ball,11
pitch260.mp4,ball,11
pitch263.mp4,strike,11
pitch264.mp4,strike,11
pitch266.mp4,ball,11
pitch268.mp4,strike,11
pitch270.mp4,ball,11
pitch271.mp4,ball,11
pitch274.mp4,strike,11
pitch276.mp4,ball,11
pitch278.mp4,strike,11
pitch280.mp4,strike,11
pitch282.mp4,ball,11
pitch288.mp4,strike,11
pitch291.mp4,strike,11
pitch294.mp4,strike,11
pitch297.mp4,strike,11
pitch303.mp4,ball,11
pitch307.mp4,strike,11
pitch310.mp4,strike,11
pitch311.mp4,ball,11
pitch312.mp4,strike,11
pitch313.mp4,strike,11
pitch314.mp4,ball,11
pitch315.mp4,strike,11
pitch317.mp4,strike,11
pitch319.mp4,ball,11
pitch321.mp4,ball,11
pitch324.mp4,strike,11
pitch328.mp4,ball,11
pitch331.mp4,strike,11
pitch337.mp4,strike,11
pitch341.mp4,strike,11
pitch344.mp4,strike,11
pitch346.mp4,strike,11
pitch348.mp4,strike,11
pitch350.mp4,ball,11
pitch352.mp4,strike,11
pitch354.mp4,ball,11
pitch357.mp4,strike,11
pitch359.mp4,ball,11
pitch360.mp4,strike,11
pitch363.mp4,ball,11
pitch372.mp4,strike,11
pitch373.mp4,strike,11
pitch376.mp4,strike,11
pitch383.mp4,ball,11
pitch387.mp4,strike,11
pitch389.mp4,strike,11
pitch390.mp4,strike,11
pitch394.mp4,strike,11
pitch395.mp4,strike,11
pitch400.mp4,strike,11
pitch403.mp4,strike,11
pitch404.mp4,strike,11
pitch405.mp4,strike,11
pitch406.mp4,ball,11
pitch408.mp4,strike,11
pitch415.mp4,strike,11
pitch417.mp4,strike,11
pitch418.mp4,strike,11
pitch421.mp4,ball,11
pitch424.mp4,strike,11
pitch425.mp4,ball,11
pitch430.mp4,strike,11
pitch431.mp4,strike,11
pitch434.mp4,strike,11
pitch436.mp4,strike,11
pitch437.mp4,strike,11
pitch442.mp4,strike,11
pitch447.mp4,strike,11
pitch448.mp4,ball,11
pitch451.mp4,strike,11
pitch452.mp4,strike,11
pitch453.mp4,ball,11
pitch454.mp4,strike,11
pitch456.mp4,strike,11
pitch457.mp4,strike,11
pitch459.mp4,ball,11
pitch461.mp4,strike,11
pitch464.mp4,strike,11
pitch466.mp4,strike,11
pitch467.mp4,strike,11
pitch468.mp4,strike,11
pitch470.mp4,strike,11
pitch471.mp4,strike,11
pitch473.mp4,strike,11
pitch477.mp4,strike,11
pitch481.mp4,strike,11
pitch485.mp4,strike,11
pitch490.mp4,ball,11
pitch492.mp4,strike,11
pitch494.mp4,strike,11
pitch496.mp4,strike,11
pitch499.mp4,strike,11
pitch503.mp4,strike,11
pitch508.mp4,strike,11
pitch513.mp4,strike,11
pitch519.mp4,strike,11
pitch520.mp4,ball,11
pitch524.mp4,strike,11
pitch525.mp4,strike,11
pitch526.mp4,strike,11
pitch535.mp4,strike,11
pitch537.mp4,strike,11
pitch538.mp4,strike,11
pitch542.mp4,strike,11
pitch544.mp4,strike,11
pitch545.mp4,strike,11
pitch547.mp4,ball,11
pitch548.mp4,ball,11
pitch550.mp4,ball,11
pitch551.mp4,ball,11
pitch554.mp4,ball,11
pitch556.mp4,strike,11
pitch559.mp4,strike,11
pitch560.mp4,strike,11
pitch564.mp4,ball,11
pitch565.mp4,strike,11
pitch566.mp4,strike,11
pitch567.mp4,strike,11
pitch569.mp4,strike,11
pitch572.mp4,strike,11
pitch574.mp4,strike,11
pitch576.mp4,strike,11
pitch578.mp4,strike,11
pitch579.mp4,strike,11
pitch581.mp4,strike,11
pitch584.mp4,strike,11
pitch589.mp4,ball,11
pitch591.mp4,strike,11
pitch592.mp4,strike,11
pitch593.mp4,strike,11
pitch597.mp4,strike,11
pitch598.mp4,strike,11
pitch599.mp4,strike,11
pitch601.mp4,ball,11
pitch604.mp4,strike,11
pitch605.mp4,strike,11
pitch607.mp4,ball,11
pitch609.mp4,ball,11
pitch612.mp4,strike,11
pitch616.mp4,strike,11
pitch620.mp4,ball,11
pitch622.mp4,strike,11
pitch623.mp4,strike,11
pitch625.mp4,ball,11
pitch626.mp4,ball,11
pitch630.mp4,strike,11
pitch631.mp4,strike,11
pitch633.mp4,strike,11
pitch635.mp4,ball,11
pitch638.mp4,strike,11
pitch642.mp4,strike,11
pitch645.mp4,strike,11
pitch646.mp4,ball,11
pitch647.mp4,strike,11
pitch652.mp4,strike,11
pitch654.mp4,strike,11
pitch662.mp4,strike,11
pitch664.mp4,strike,11
pitch672.mp4,ball,11
pitch682.mp4,ball,11
pitch685.mp4,ball,11
pitch687.mp4,strike,11
pitch688.mp4,strike,11
pitch695.mp4,strike,11
pitch698.mp4,strike,11
pitch699.mp4,strike,11
pitch700.mp4,ball,11
pitch704.mp4,strike,11
pitch716.mp4,strike,11
pitch725.mp4,ball,11
pitch726.mp4,ball,11
pitch727.mp4,strike,11
pitch728.mp4,strike,11
pitch730.mp4,strike,11
pitch732.mp4,strike,11
pitch733.mp4,ball,11
pitch734.mp4,ball,11
pitch740.mp4,ball,11
pitch742.mp4,strike,11
pitch746.mp4,strike,11
pitch749.mp4,strike,11
pitch754.mp4,ball,11
pitch756.mp4,strike,11
pitch757.mp4,ball,11
pitch761.mp4,strike,11
pitch762.mp4,strike,11
pitch765.mp4,strike,11
pitch767.mp4,ball,11
pitch769.mp4,strike,11
pitch772.mp4,strike,11
pitch774.mp4,ball,11
pitch777.mp4,strike,11
pitch778.mp4,ball,11
pitch781.mp4,ball,11
pitch786.mp4,ball,11
pitch790.mp4,strike,11
pitch791.mp4,ball,11
pitch792.mp4,ball,11
pitch794.mp4,ball,11
pitch800.mp4,strike,11
pitch801.mp4,ball,11
pitch803.mp4,strike,11
pitch808.mp4,ball,11
pitch809.mp4,ball,11
pitch811.mp4,ball,11
pitch812.mp4,strike,11
pitch813.mp4,strike,11
pitch822.mp4,ball,11
pitch829.mp4,strike,11
pitch835.mp4,ball,11
pitch837.mp4,ball,11
pitch838.mp4,strike,11
pitch839.mp4,strike,11
pitch841.mp4,strike,11
pitch846.mp4,strike,11
pitch848.mp4,strike,11
pitch850.mp4,strike,11
pitch851.mp4,strike,11
pitch852.mp4,strike,11
pitch856.mp4,ball,11
pitch860.mp4,strike,11
pitch862.mp4,strike,11
pitch866.mp4,strike,11
pitch868.mp4,strike,11
pitch873.mp4,strike,11
pitch878.mp4,ball,11
pitch880.mp4,strike,11
pitch882.mp4,ball,11
pitch883.mp4,ball,11
pitch890.mp4,ball,11
pitch891.mp4,strike,11
pitch892.mp4,strike,11
pitch893.mp4,ball,11
pitch894.mp4,ball,11
pitch895.mp4,strike,11
pitch896.mp4,ball,11
pitch899.mp4,strike,11
pitch901.mp4,strike,11
pitch902.mp4,strike,11
pitch903.mp4,strike,11
pitch906.mp4,strike,11
pitch907.mp4,strike,11
pitch910.mp4,strike,11
pitch912.mp4,strike,11
pitch917.mp4,ball,11
pitch918.mp4,strike,11
pitch921.mp4,strike,11
pitch922.mp4,ball,11
pitch926.mp4,strike,11
pitch931.mp4,ball,11
pitch932.mp4,strike,11
pitch933.mp4,strike,11
pitch935.mp4,strike,11
pitch938.mp4,strike,11
pitch942.mp4,strike,11
pitch946.mp4,strike,11
pitch947.mp4,strike,11
pitch951.mp4,strike,11
pitch953.mp4,ball,11
pitch958.mp4,strike,11
pitch962.mp4,strike,11
pitch965.mp4,ball,11
pitch966.mp4,strike,11
pitch968.mp4,strike,11
pitch969.mp4,strike,11
pitch976.mp4,strike,11
pitch977.mp4,strike,11
pitch978.mp4,strike,11
pitch979.mp4,strike,11
pitch980.mp4,ball,11
pitch985.mp4,strike,11
pitch987.mp4,strike,11
pitch990.mp4,strike,11
pitch994.mp4,strike,11
pitch996.mp4,strike,11
pitch997.mp4,ball,11
pitch1000.mp4,strike,11
pitch1001.mp4,ball,11
pitch1002.mp4,ball,11
pitch1009.mp4,strike,11
pitch1010.mp4,strike,11
pitch1011.mp4,strike,11
pitch1013.mp4,ball,11
pitch1017.mp4,strike,11
pitch1018.mp4,strike,11
pitch1021.mp4,strike,11
pitch1022.mp4,strike,11
pitch1025.mp4,ball,11
pitch1029.mp4,ball,11
pitch1035.mp4,strike,11
pitch1037.mp4,strike,11
pitch1038.mp4,strike,11
pitch1045.mp4,strike,11
pitch1047.mp4,ball,11
pitch1052.mp4,strike,11
pitch1053.mp4,ball,11
pitch1054.mp4,strike,11
pitch1058.mp4,strike,11
pitch1059.mp4,strike,11
pitch1060.mp4,strike,11
pitch1064.mp4,strike,11
pitch1067.mp4,strike,11
pitch1070.mp4,ball,11
pitch1071.mp4,strike,11
pitch1072.mp4,ball,11
pitch1073.mp4,strike,11
pitch1074.mp4,strike,11
pitch1077.mp4,ball,11
pitch1078.mp4,ball,11
pitch1079.mp4,strike,11
pitch1082.mp4,strike,11
pitch1083.mp4,strike,11
pitch1084.mp4,strike,11
pitch1086.mp4,strike,11
pitch1089.mp4,strike,11
pitch1092.mp4,strike,11
pitch1094.mp4,strike,11
pitch1097.mp4,strike,11
pitch1098.mp4,strike,11
pitch1099.mp4,strike,11
pitch1101.mp4,strike,11
pitch1102.mp4,strike,11
pitch1103.mp4,ball,11
pitch1104.mp4,ball,11
pitch1105.mp4,strike,11
pitch1108.mp4,strike,11
pitch1110.mp4,strike,11
pitch1111.mp4,ball,11
pitch1112.mp4,ball,11
pitch1114.mp4,strike,11
pitch1119.mp4,strike,11
pitch1120.mp4,ball,11
pitch1121.mp4,strike,11
pitch1122.mp4,strike,11
pitch1124.mp4,ball,11
pitch1125.mp4,strike,11
pitch1136.mp4,strike,11
pitch1138.mp4,ball,11
pitch1140.mp4,strike,11
pitch1141.mp4,strike,11
pitch1142.mp4,ball,11
pitch1146.mp4,ball,11
pitch1147.mp4,strike,11
pitch1149.mp4,ball,11
pitch1152.mp4,ball,11
pitch1153.mp4,strike,11
pitch1155.mp4,strike,11
pitch1156.mp4,strike,11
pitch1160.mp4,strike,11
pitch1167.mp4,ball,11
pitch1170.mp4,ball,11
pitch1173.mp4,strike,11
pitch1174.mp4,ball,11
pitch1177.mp4,strike,11
pitch1180.mp4,strike,11
pitch1185.mp4,ball,11
pitch1186.mp4,ball,11
pitch1187.mp4,strike,11
pitch1188.mp4,strike,11
pitch1189.mp4,strike,11
pitch1191.mp4,strike,11
pitch1192.mp4,strike,11
pitch1193.mp4,strike,11
pitch1194.mp4,strike,11
pitch1196.mp4,strike,11
pitch1202.mp4,strike,11
pitch1203.mp4,strike,11
pitch1204.mp4,strike,11
pitch1209.mp4,strike,11
pitch1212.mp4,strike,11
pitch1214.mp4,strike,11
pitch1217.mp4,strike,11
pitch1218.mp4,strike,11
pitch1222.mp4,ball,11
pitch1224.mp4,strike,11
pitch1225.mp4,strike,11
pitch1227.mp4,strike,11
pitch1229.mp4,strike,11
pitch1232.mp4,strike,11
pitch1234.mp4,strike,11
pitch1236.mp4,strike,11
pitch1239.mp4,strike,11
pitch1240.mp4,strike,11
pitch1245.mp4,strike,11
pitch1246.mp4,strike,11
pitch1250.mp4,strike,11
pitch1252.mp4,strike,11
pitch1254.mp4,strike,11
pitch1258.mp4,ball,11
pitch1260.mp4,ball,11
pitch1261.mp4,ball,11
pitch1262.mp4,strike,11
pitch1264.mp4,strike,11
pitch1265.mp4,strike,11
pitch1266.mp4,strike,11
pitch1268.mp4,strike,11
pitch1271.mp4,ball,11
pitch1275.mp4,strike,11
pitch1277.mp4,strike,11
pitch1279.mp4,strike,11
pitch1281.mp4,ball,11
pitch1283.mp4,strike,11
pitch1285.mp4,ball,11
pitch1292.mp4,strike,11
pitch1293.mp4,ball,11
pitch1294.mp4,ball,11
pitch1295.mp4,strike,11
pitch1296.mp4,ball,11
pitch1298.mp4,strike,11
pitch1299.mp4,ball,11
pitch1307.mp4,ball,11
pitch1308.mp4,strike,11
pitch1310.mp4,strike,11
pitch1312.mp4,strike,11
pitch1315.mp4,strike,11
pitch1317.mp4,strike,11
pitch1322.mp4,ball,11
pitch1324.mp4,strike,11
pitch1328.mp4,strike,11
pitch1329.mp4,strike,11
pitch1335.mp4,strike,11
pitch1336.mp4,strike,11
pitch1339.mp4,strike,11
pitch1340.mp4,ball,11
pitch1342.mp4,strike,11
pitch1345.mp4,strike,11
pitch1346.mp4,strike,11
pitch1359.mp4,ball,11
pitch1363.mp4,strike,11
pitch1367.mp4,ball,11
pitch1376.mp4,strike,11
pitch1379.mp4,ball,11
pitch1382.mp4,ball,11
pitch1385.mp4,strike,11
pitch1391.mp4,strike,11
pitch1393.mp4,ball,11
pitch1395.mp4,strike,11
pitch1400.mp4,strike,11
pitch1401.mp4,ball,11
pitch1404.mp4,strike,11
pitch1407.mp4,strike,11
pitch1408.mp4,ball,11
pitch1409.mp4,ball,11
pitch1411.mp4,ball,11
pitch1412.mp4,ball,11
pitch1419.mp4,ball,11
pitch1422.mp4,ball,11
pitch1423.mp4,strike,11
pitch1424.mp4,strike,11
pitch1425.mp4,strike,11
pitch1426.mp4,strike,11
pitch1430.mp4,strike,11
pitch1431.mp4,strike,11
pitch1433.mp4,ball,11
pitch1436.mp4,strike,11
pitch1438.mp4,ball,11
pitch1441.mp4,strike,11
pitch1443.mp4,strike,11
pitch1445.mp4,strike,11
pitch1446.mp4,strike,11
pitch1451.mp4,ball,11
pitch1454.mp4,strike,11
pitch1456.mp4,strike,11
pitch1458.mp4,strike,11
pitch1459.mp4,strike,11
pitch1460.mp4,ball,11
pitch1466.mp4,strike,11
pitch1469.mp4,ball,11
pitch1475.mp4,ball,11
pitch1478.mp4,strike,11
pitch1481.mp4,strike,11
pitch1483.mp4,strike,11
pitch1484.mp4,strike,11
pitch1486.mp4,ball,11
pitch1491.mp4,strike,11
pitch1494.mp4,strike,11
pitch1496.mp4,ball,11
pitch1497.mp4,ball,11
pitch1500.mp4,strike,11
pitch1503.mp4,strike,11
pitch1506.mp4,ball,11
pitch1512.mp4,strike,11
pitch1514.mp4,strike,11
pitch1515.mp4,ball,11
pitch1516.mp4,strike,11
pitch1523.mp4,strike,11
pitch1524.mp4,strike,11
pitch1527.mp4,strike,11
pitch1528.mp4,ball,11
pitch1529.mp4,strike,11
pitch1536.mp4,strike,11
pitch1540.mp4,ball,11
pitch1542.mp4,strike,11
pitch1543.mp4,ball,11
pitch1545.mp4,ball,11
pitch1546.mp4,strike,11
pitch1547.mp4,strike,11
pitch1548.mp4,strike,11
pitch1549.mp4,ball,11
pitch1550.mp4,ball,11
pitch1551.mp4,strike,11
pitch1552.mp4,strike,11
pitch1556.mp4,ball,11
pitch1557.mp4,strike,11
pitch1559.mp4,strike,11
pitch1563.mp4,ball,11
pitch1564.mp4,strike,11
pitch1565.mp4,strike,11
pitch1566.mp4,ball,11
pitch1571.mp4,strike,11
pitch1572.mp4,strike,11
pitch1575.mp4,strike,11
pitch1576.mp4,strike,11
pitch1578.mp4,strike,11
pitch1580.mp4,strike,11
pitch1581.mp4,ball,11
pitch1586.mp4,ball,11
pitch1590.mp4,ball,11
pitch1592.mp4,strike,11
pitch1594.mp4,strike,11
pitch1596.mp4,strike,11
pitch1600.mp4,strike,11
pitch1602.mp4,strike,11
pitch1603.mp4,strike,11
pitch1606.mp4,ball,11
pitch1608.mp4,strike,11
pitch1610.mp4,strike,11
pitch1611.mp4,ball,11
pitch1612.mp4,ball,11
pitch1613.mp4,ball,11
pitch1617.mp4,strike,11
pitch1618.mp4,strike,11
pitch1619.mp4,ball,11
pitch1620.mp4,strike,11
pitch1626.mp4,strike,11
pitch1628.mp4,strike,11
pitch1629.mp4,strike,11
pitch1631.mp4,strike,11
pitch1632.mp4,strike,11
pitch1635.mp4,strike,11
pitch1637.mp4,strike,11
pitch1638.mp4,ball,11
pitch1639.mp4,ball,11
pitch1643.mp4,ball,11
pitch1644.mp4,strike,11
pitch1649.mp4,strike,11
pitch1652.mp4,strike,11
pitch1654.mp4,strike,11
pitch1655.mp4,ball,11
pitch1657.mp4,strike,11
pitch1661.mp4,strike,11
pitch1662.mp4,strike,11
pitch1663.mp4,strike,11
pitch1664.mp4,ball,11
pitch1665.mp4,ball,11
pitch1667.mp4,strike,11
pitch1669.mp4,strike,11
pitch1672.mp4,strike,11
pitch1676.mp4,strike,11
pitch1677.mp4,strike,11
pitch1680.mp4,strike,11
pitch1681.mp4,ball,11
pitch1682.mp4,strike,11
pitch1684.mp4,ball,11
pitch1685.mp4,strike,11
pitch1687.mp4,strike,11
pitch1688.mp4,strike,11
pitch1689.mp4,strike,11
pitch1690.mp4,ball,11
pitch1691.mp4,ball,11
pitch1694.mp4,ball,11
pitch1696.mp4,strike,11
pitch1698.mp4,strike,11
pitch1699.mp4,strike,11
pitch1701.mp4,ball,11
pitch1703.mp4,ball,11
pitch1708.mp4,strike,11
pitch1718.mp4,strike,11
pitch1719.mp4,strike,11
pitch1727.mp4,ball,11
pitch1731.mp4,strike,11
pitch1732.mp4,strike,11
pitch1734.mp4,strike,11
pitch1736.mp4,strike,11
pitch1740.mp4,strike,11
pitch1744.mp4,ball,11
pitch1745.mp4,strike,11
pitch1747.mp4,strike,11
pitch1751.mp4,ball,11
pitch1752.mp4,ball,11
pitch1755.mp4,strike,11
pitch1756.mp4,ball,11
pitch1757.mp4,strike,11
pitch1759.mp4,ball,11
pitch1762.mp4,strike,11
pitch1763.mp4,strike,11
pitch1764.mp4,strike,11
pitch1765.mp4,strike,11
pitch1769.mp4,ball,11
pitch1773.mp4,strike,11
pitch1781.mp4,strike,11
pitch1785.mp4,ball,11
pitch1786.mp4,ball,11
pitch1788.mp4,strike,11
pitch1789.mp4,strike,11
pitch1795.mp4,ball,11
pitch1800.mp4,strike,11
pitch1802.mp4,ball,11
pitch1805.mp4,ball,11
pitch1806.mp4,strike,11
pitch1807.mp4,strike,11
pitch1808.mp4,ball,11
pitch1809.mp4,ball,11
pitch1812.mp4,strike,11
pitch1814.mp4,ball,11
pitch1815.mp4,ball,11
pitch1817.mp4,strike,11
pitch1818.mp4,strike,11
pitch1822.mp4,strike,11
pitch1824.mp4,strike,11
pitch1826.mp4,strike,11
pitch1837.mp4,ball,11
pitch1839.mp4,strike,11
pitch1843.mp4,strike,11
pitch1844.mp4,strike,11
pitch1845.mp4,strike,11
pitch1846.mp4,ball,11
pitch1849.mp4,strike,11
pitch1850.mp4,ball,11
pitch1853.mp4,strike,11
pitch1858.mp4,ball,11
pitch1861.mp4,strike,11
pitch1863.mp4,ball,11
pitch1868.mp4,strike,11
pitch1869.mp4,strike,11
pitch1882.mp4,strike,11
pitch1884.mp4,ball,11
pitch1889.mp4,strike,11
pitch1891.mp4,strike,11
pitch1893.mp4,ball,11
pitch1896.mp4,strike,11
pitch1897.mp4,ball,11
pitch1901.mp4,strike,11
pitch1906.mp4,ball,11
pitch1908.mp4,strike,11
pitch1909.mp4,strike,11
pitch1912.mp4,strike,11
pitch1913.mp4,strike,11
pitch1917.mp4,strike,11
pitch1919.mp4,ball,11
pitch1920.mp4,ball,11
pitch1921.mp4,strike,11
pitch1925.mp4,ball,11
pitch1930.mp4,strike,11
pitch1931.mp4,strike,11
pitch1935.mp4,strike,11
pitch1937.mp4,strike,11
pitch1938.mp4,strike,11
pitch1939.mp4,ball,11
pitch1941.mp4,strike,11
pitch1942.mp4,ball,11
pitch1943.mp4,strike,11
pitch1944.mp4,strike,11
pitch1948.mp4,strike,11
pitch1952.mp4,strike,11
pitch1954.mp4,ball,11
pitch1956.mp4,strike,11
pitch1957.mp4,strike,11
pitch1965.mp4,ball,11
pitch1967.mp4,strike,11
pitch1970.mp4,strike,11
pitch1971.mp4,strike,11
pitch1975.mp4,strike,11
pitch1976.mp4,ball,11
pitch1979.mp4,ball,11
pitch1985.mp4,strike,11
pitch1986.mp4,strike,11
pitch1990.mp4,strike,11
pitch1991.mp4,strike,11
pitch1994.mp4,strike,11
pitch1995.mp4,strike,11
pitch1996.mp4,ball,11
pitch1999.mp4,strike,11
pitch2000.mp4,ball,11
pitch2004.mp4,strike,11
pitch2005.mp4,strike,11
pitch2006.mp4,ball,11
pitch2009.mp4,strike,11
pitch2011.mp4,ball,11
pitch2015.mp4,strike,11
pitch2016.mp4,strike,11
pitch2020.mp4,strike,11
pitch2023.mp4,ball,11
pitch2025.mp4,strike,11
pitch2031.mp4,strike,11
pitch2032.mp4,strike,11
pitch2033.mp4,ball,11
pitch2034.mp4,strike,11
pitch2035.mp4,ball,11
pitch2037.mp4,strike,11
pitch2038.mp4,strike,11
pitch2041.mp4,ball,11
pitch2045.mp4,strike,11
pitch2047.mp4,strike,11
pitch2048.mp4,strike,11
pitch2051.mp4,ball,11
pitch2052.mp4,strike,11
pitch2054.mp4,ball,11
pitch2057.mp4,ball,11
pitch2059.mp4,strike,11
pitch2062.mp4,strike,11
pitch2063.mp4,strike,11
pitch2066.mp4,strike,11
pitch2067.mp4,strike,11
pitch2068.mp4,strike,11
pitch2070.mp4,strike,11
pitch2071.mp4,strike,11
pitch2072.mp4,strike,11
pitch2073.mp4,strike,11
pitch2074.mp4,ball,11
pitch2077.mp4,strike,11
pitch2078.mp4,ball,11
pitch2081.mp4,strike,11
pitch2082.mp4,strike,11
pitch2083.mp4,strike,11
pitch2090.mp4,strike,11
pitch2094.mp4,strike,11
pitch2100.mp4,strike,11
pitch2101.mp4,strike,11
pitch2103.mp4,ball,11
pitch2104.mp4,strike,11
pitch2107.mp4,ball,11
pitch2110.mp4,strike,11
pitch2114.mp4,ball,11
pitch2115.mp4,strike,11
pitch2118.mp4,ball,11
pitch2119.mp4,strike,11
pitch2120.mp4,ball,11
pitch2124.mp4,strike,11
pitch2126.mp4,ball,11
pitch2128.mp4,ball,11
pitch2140.mp4,strike,11
pitch2141.mp4,strike,11
pitch2144.mp4,strike,11
pitch2145.mp4,ball,11
pitch2150.mp4,ball,11
pitch2152.mp4,strike,11
pitch2153.mp4,strike,11
pitch2155.mp4,ball,11
pitch2156.mp4,strike,11
pitch2160.mp4,ball,11
pitch2164.mp4,strike,11
pitch2168.mp4,ball,11
pitch2175.mp4,strike,11
pitch2181.mp4,strike,11
pitch2185.mp4,ball,11
pitch2187.mp4,strike,11
pitch2188.mp4,ball,11
pitch2198.mp4,ball,11
pitch2199.mp4,strike,11
pitch2202.mp4,strike,11
pitch2203.mp4,strike,11
pitch2204.mp4,strike,11
pitch2208.mp4,strike,11
pitch2213.mp4,strike,11
pitch2214.mp4,ball,11
pitch2219.mp4,ball,11
pitch2222.mp4,strike,11
pitch2226.mp4,strike,11
pitch2227.mp4,strike,11
pitch2229.mp4,strike,11
pitch2233.mp4,strike,11
pitch2234.mp4,strike,11
pitch2235.mp4,strike,11
pitch2239.mp4,ball,11
pitch2240.mp4,ball,11
pitch2241.mp4,strike,11
pitch2244.mp4,strike,11
pitch2248.mp4,strike,11
pitch2254.mp4,strike,11
pitch2255.mp4,strike,11
pitch2256.mp4,strike,11
pitch2257.mp4,strike,11
pitch2259.mp4,strike,11
pitch2260.mp4,strike,11
pitch2261.mp4,strike,11
pitch2266.mp4,strike,11
pitch2267.mp4,strike,11
pitch2269.mp4,strike,11
pitch2271.mp4,ball,11
pitch2272.mp4,ball,11
pitch2274.mp4,ball,11
pitch2283.mp4,ball,11
pitch2285.mp4,strike,11
pitch2290.mp4,ball,11
pitch2291.mp4,strike,11
pitch2295.mp4,strike,11
pitch2299.mp4,ball,11
pitch2300.mp4,ball,11
pitch2304.mp4,ball,11
pitch2307.mp4,strike,11
pitch2308.mp4,strike,11
pitch2311.mp4,strike,11
pitch2312.mp4,strike,11
pitch2315.mp4,strike,11
pitch2316.mp4,strike,11
pitch2318.mp4,strike,11
pitch2319.mp4,strike,11
pitch2327.mp4,strike,11
pitch2328.mp4,ball,11
pitch2329.mp4,strike,11
pitch2331.mp4,strike,11
pitch2332.mp4,strike,11
pitch2334.mp4,strike,11
pitch2336.mp4,strike,11
pitch2342.mp4,strike,11
pitch2345.mp4,strike,11
pitch2346.mp4,strike,11
pitch2352.mp4,strike,11
pitch2353.mp4,strike,11
pitch2354.mp4,ball,11
pitch2355.mp4,strike,11
pitch2356.mp4,strike,11
pitch2359.mp4,strike,11
pitch2366.mp4,strike,11
pitch2368.mp4,strike,11
pitch2369.mp4,strike,11
pitch2371.mp4,strike,11
pitch2373.mp4,strike,11
pitch2376.mp4,strike,11
pitch2377.mp4,strike,11
pitch2378.mp4,strike,11
pitch2379.mp4,strike,11
pitch2382.mp4,ball,11
pitch2385.mp4,strike,11
pitch2386.mp4,ball,11
pitch2388.mp4,strike,11
pitch2389.mp4,strike,11
pitch2394.mp4,strike,11
pitch2396.mp4,strike,11
pitch2397.mp4,ball,11
pitch2398.mp4,ball,11
pitch2401.mp4,strike,11
pitch2406.mp4,ball,11
pitch2407.mp4,ball,11
pitch2409.mp4,ball,11
pitch2411.mp4,strike,11
pitch2412.mp4,strike,11
pitch2413.mp4,ball,11
pitch2418.mp4,strike,11
pitch2419.mp4,strike,11
pitch2420.mp4,strike,11
pitch2422.mp4,strike,11
pitch2425.mp4,strike,11
pitch2426.mp4,strike,11
pitch2428.mp4,ball,11
pitch2432.mp4,strike,11
pitch2438.mp4,strike,11
pitch2440.mp4,ball,11
pitch2441.mp4,ball,11
pitch2442.mp4,strike,11
pitch2446.mp4,ball,11
pitch2448.mp4,strike,11
pitch2449.mp4,strike,11
pitch2452.mp4,strike,11
pitch2454.mp4,strike,11
pitch2457.mp4,ball,11
pitch2458.mp4,strike,11
pitch2462.mp4,strike,11
pitch2464.mp4,strike,11
pitch2466.mp4,ball,11
pitch2468.mp4,strike,11
pitch2469.mp4,ball,11
pitch2471.mp4,strike,11
pitch2485.mp4,strike,11
pitch2492.mp4,strike,11
pitch2493.mp4,strike,11
pitch2495.mp4,ball,11
pitch2498.mp4,strike,11
pitch2500.mp4,strike,11
pitch2501.mp4,ball,11
pitch2502.mp4,ball,11
pitch2504.mp4,strike,11
pitch2505.mp4,strike,11
pitch2506.mp4,strike,11
pitch2507.mp4,strike,11
pitch2510.mp4,ball,11
pitch2511.mp4,strike,11
pitch2512.mp4,strike,11
pitch2513.mp4,ball,11
pitch2514.mp4,ball,11
pitch2516.mp4,ball,11
pitch2517.mp4,strike,11
pitch2519.mp4,strike,11
pitch2520.mp4,strike,11
pitch2521.mp4,strike,11
pitch2522.mp4,strike,11
pitch2523.mp4,strike,11
pitch2524.mp4,strike,11
pitch2525.mp4,strike,11
pitch2527.mp4,strike,11
pitch2528.mp4,strike,11
pitch2530.mp4,strike,11
pitch2534.mp4,ball,11
pitch2536.mp4,strike,11
pitch2538.mp4,strike,11
pitch2539.mp4,strike,11
pitch2540.mp4,strike,11
pitch2542.mp4,strike,11
pitch2543.mp4,strike,11
pitch2545.mp4,ball,11
pitch2549.mp4,strike,11
pitch2551.mp4,strike,11
pitch2562.mp4,strike,11
pitch2564.mp4,ball,11
pitch2567.mp4,strike,11
pitch2572.mp4,ball,11
pitch2574.mp4,strike,11
pitch2586.mp4,ball,11
pitch2588.mp4,strike,11
pitch2592.mp4,ball,11
pitch2593.mp4,strike,11
pitch2594.mp4,strike,11
pitch2598.mp4,strike,11
pitch2603.mp4,ball,11
pitch2611.mp4,strike,11
pitch2614.mp4,ball,11
pitch2615.mp4,ball,11
pitch2616.mp4,strike,11
pitch2620.mp4,strike,11
pitch2623.mp4,strike,11
pitch2624.mp4,ball,11
pitch2625.mp4,strike,11
pitch2627.mp4,strike,11
pitch2633.mp4,strike,11
pitch2636.mp4,strike,11
pitch2637.mp4,strike,11
pitch2639.mp4,strike,11
pitch2640.mp4,strike,11
pitch2642.mp4,strike,11
pitch2643.mp4,strike,11
pitch2644.mp4,ball,11
pitch2652.mp4,strike,11
pitch2653.mp4,strike,11
pitch2657.mp4,ball,11
pitch2659.mp4,ball,11
pitch2660.mp4,strike,11
pitch2671.mp4,strike,11
pitch2673.mp4,strike,11
pitch2676.mp4,strike,11
pitch2678.mp4,strike,11
pitch2680.mp4,strike,11
pitch2685.mp4,strike,11
pitch2688.mp4,strike,11
pitch2689.mp4,strike,11
pitch2690.mp4,ball,11
pitch2695.mp4,strike,11
pitch2696.mp4,strike,11
pitch2698.mp4,ball,11
pitch2701.mp4,strike,11
pitch2702.mp4,ball,11
pitch2704.mp4,strike,11
pitch2705.mp4,ball,11
pitch2706.mp4,ball,11
pitch2708.mp4,strike,11
pitch2709.mp4,strike,11
pitch2711.mp4,strike,11
pitch2714.mp4,strike,11
pitch2717.mp4,ball,11
pitch2723.mp4,strike,11
pitch2724.mp4,ball,11
pitch2727.mp4,ball,11
pitch2728.mp4,strike,11
pitch2734.mp4,ball,11
pitch2735.mp4,strike,11
pitch2737.mp4,ball,11
pitch2742.mp4,ball,11
pitch2743.mp4,strike,11
pitch2747.mp4,strike,11
pitch2749.mp4,strike,11
pitch2751.mp4,strike,11
pitch2754.mp4,strike,11
pitch2755.mp4,ball,11
pitch2756.mp4,strike,11
pitch2757.mp4,ball,11
pitch2758.mp4,strike,11
pitch2759.mp4,strike,11
pitch2761.mp4,strike,11
pitch2764.mp4,strike,11
pitch2765.mp4,strike,11
pitch2766.mp4,strike,11
pitch2767.mp4,strike,11
pitch2768.mp4,strike,11
pitch2769.mp4,strike,11
pitch2772.mp4,ball,11
pitch2773.mp4,strike,11
pitch2774.mp4,strike,11
pitch2780.mp4,strike,11
pitch2782.mp4,strike,11
pitch2785.mp4,strike,11
pitch2788.mp4,strike,11
pitch2790.mp4,strike,11
pitch2791.mp4,ball,11
pitch2795.mp4,strike,11
pitch2799.mp4,strike,11
pitch2801.mp4,strike,11
pitch2804.mp4,ball,11
pitch2806.mp4,strike,11
pitch2808.mp4,strike,11
pitch2810.mp4,strike,11
pitch2812.mp4,strike,11
pitch2816.mp4,ball,11
pitch2818.mp4,strike,11
pitch2819.mp4,strike,11
pitch2820.mp4,strike,11
pitch2822.mp4,strike,11
pitch2826.mp4,strike,11
pitch2830.mp4,ball,11
pitch2831.mp4,ball,11
pitch2832.mp4,strike,11
pitch2834.mp4,strike,11
pitch2836.mp4,strike,11
pitch2839.mp4,ball,11
pitch2840.mp4,strike,11
pitch2844.mp4,ball,11
pitch2848.mp4,strike,11
pitch2851.mp4,ball,11
pitch2853.mp4,ball,11
pitch2857.mp4,strike,11
pitch2858.mp4,strike,11
pitch2860.mp4,ball,11
pitch2861.mp4,strike,11
pitch2867.mp4,strike,11
pitch2869.mp4,strike,11
pitch2873.mp4,strike,11
pitch2878.mp4,strike,11
pitch2879.mp4,ball,11
pitch2881.mp4,strike,11
pitch2884.mp4,strike,11
pitch2886.mp4,strike,11
pitch2894.mp4,strike,11
pitch2900.mp4,strike,11
pitch2903.mp4,strike,11
pitch2904.mp4,strike,11
pitch2906.mp4,ball,11
pitch2907.mp4,strike,11
pitch2910.mp4,strike,11
pitch2915.mp4,ball,11
pitch2916.mp4,strike,11
pitch2917.mp4,ball,11
pitch2920.mp4,strike,11
pitch2922.mp4,ball,11
pitch2923.mp4,ball,11
pitch2924.mp4,strike,11
pitch2931.mp4,ball,11
pitch2933.mp4,ball,11
pitch2938.mp4,strike,11
pitch2939.mp4,strike,11
pitch2940.mp4,strike,11
pitch2943.mp4,strike,11
pitch2944.mp4,strike,11
pitch2946.mp4,ball,11
pitch2950.mp4,strike,11
pitch2953.mp4,ball,11
pitch2954.mp4,ball,11
pitch2955.mp4,strike,11
pitch2956.mp4,ball,11
pitch2957.mp4,strike,11
pitch2958.mp4,ball,11
pitch2960.mp4,ball,11
pitch2962.mp4,strike,11
pitch2965.mp4,ball,11
pitch2976.mp4,strike,11
pitch2979.mp4,strike,11
pitch2981.mp4,ball,11
pitch2983.mp4,strike,11
pitch2986.mp4,strike,11
pitch2988.mp4,ball,11
pitch2989.mp4,strike,11
pitch2993.mp4,strike,11
pitch2997.mp4,strike,11
pitch2998.mp4,strike,11
pitch3000.mp4,strike,11
pitch3001.mp4,strike,11
pitch3004.mp4,strike,11
pitch3007.mp4,strike,11
pitch3008.mp4,strike,11
pitch3009.mp4,ball,11
pitch3010.mp4,strike,11
pitch3016.mp4,strike,11
pitch3018.mp4,strike,11
pitch3023.mp4,strike,11
pitch3029.mp4,strike,11
pitch3030.mp4,strike,11
pitch3032.mp4,ball,11
pitch3036.mp4,strike,11
pitch3038.mp4,strike,11
pitch3040.mp4,strike,11
pitch3042.mp4,strike,11
pitch3044.mp4,strike,11
pitch3045.mp4,strike,11
pitch3050.mp4,strike,11
pitch3054.mp4,strike,11
pitch3055.mp4,ball,11
pitch3056.mp4,strike,11
pitch3057.mp4,strike,11
pitch3060.mp4,strike,11
pitch3062.mp4,strike,11
pitch3071.mp4,ball,11
pitch3076.mp4,ball,11
pitch3077.mp4,strike,11
pitch3086.mp4,strike,11
pitch3087.mp4,strike,11
pitch3088.mp4,strike,11
pitch3090.mp4,strike,11
pitch3093.mp4,ball,11
pitch3099.mp4,ball,11
pitch3100.mp4,strike,11
pitch3101.mp4,ball,11
pitch3108.mp4,ball,11
pitch3113.mp4,ball,11
pitch3120.mp4,strike,11
pitch3121.mp4,strike,11
pitch3123.mp4,strike,11
pitch3125.mp4,strike,11
pitch3126.mp4,strike,11
pitch3127.mp4,strike,11
pitch3128.mp4,strike,11
pitch3129.mp4,strike,11
pitch3132.mp4,ball,11
pitch3133.mp4,strike,11
pitch3140.mp4,strike,11
pitch3143.mp4,strike,11
pitch3146.mp4,strike,11
pitch3148.mp4,strike,11
pitch3149.mp4,strike,11
pitch3153.mp4,strike,11
pitch3154.mp4,ball,11
pitch3156.mp4,strike,11
pitch3159.mp4,strike,11
pitch3160.mp4,ball,11
pitch3161.mp4,strike,11
pitch3162.mp4,ball,11
pitch3165.mp4,strike,11
pitch3168.mp4,ball,11
pitch3173.mp4,strike,11
pitch3174.mp4,strike,11
pitch3176.mp4,strike,11
pitch3178.mp4,strike,11
pitch3180.mp4,ball,11
pitch3182.mp4,ball,11
pitch3187.mp4,strike,11
pitch3190.mp4,strike,11
pitch3191.mp4,ball,11
pitch3192.mp4,strike,11
pitch3195.mp4,strike,11
pitch3196.mp4,strike,11
pitch3197.mp4,strike,11
pitch3201.mp4,strike,11
pitch3203.mp4,strike,11
pitch3204.mp4,strike,11
pitch3205.mp4,strike,11
pitch3207.mp4,strike,11
pitch3211.mp4,strike,11
pitch3216.mp4,ball,11
pitch3217.mp4,strike,11
pitch3222.mp4,ball,11
pitch3226.mp4,strike,11
pitch3228.mp4,strike,11
pitch3229.mp4,strike,11
pitch3230.mp4,strike,11
pitch3231.mp4,strike,11
pitch3232.mp4,strike,11
pitch3234.mp4,strike,11
pitch3235.mp4,strike,11
pitch3237.mp4,strike,11
pitch3241.mp4,strike,11
pitch3242.mp4,strike,11
pitch3244.mp4,strike,11
pitch3249.mp4,ball,11
pitch3250.mp4,ball,11
pitch3254.mp4,strike,11
pitch3256.mp4,ball,11
pitch3259.mp4,strike,11
pitch3261.mp4,ball,11
pitch3262.mp4,strike,11
pitch3263.mp4,strike,11
pitch3265.mp4,strike,11
pitch3266.mp4,strike,11
pitch3267.mp4,ball,11
pitch3271.mp4,strike,11
pitch3272.mp4,strike,11
pitch3276.mp4,ball,11
pitch3279.mp4,strike,11
pitch3280.mp4,strike,11
pitch3287.mp4,ball,11
pitch3289.mp4,strike,11
pitch3290.mp4,strike,11
pitch3296.mp4,ball,11
pitch3298.mp4,strike,11
pitch3300.mp4,strike,11
pitch3302.mp4,strike,11
pitch3303.mp4,strike,11
pitch3304.mp4,ball,11
pitch3310.mp4,strike,11
pitch3311.mp4,strike,11
pitch3313.mp4,ball,11
pitch3314.mp4,ball,11
pitch3315.mp4,ball,11
pitch3318.mp4,strike,11
pitch3322.mp4,strike,11
pitch3323.mp4,strike,11
pitch3325.mp4,strike,11
pitch3329.mp4,strike,11
pitch3331.mp4,ball,11
pitch3332.mp4,strike,11
pitch3336.mp4,ball,11
pitch3337.mp4,strike,11
pitch3339.mp4,strike,11
pitch3341.mp4,ball,11
pitch3342.mp4,strike,11
pitch3343.mp4,strike,11
pitch3348.mp4,strike,11
pitch3350.mp4,strike,11
pitch3351.mp4,strike,11
pitch3352.mp4,ball,11
pitch3353.mp4,ball,11
pitch3354.mp4,strike,11
pitch3355.mp4,strike,11
pitch3358.mp4,ball,11
pitch3359.mp4,strike,11
pitch3361.mp4,strike,11
pitch3363.mp4,ball,11
pitch3365.mp4,strike,11
pitch3366.mp4,ball,11
pitch3367.mp4,strike,11
pitch3368.mp4,strike,11
pitch3369.mp4,strike,11
pitch3372.mp4,strike,11
pitch3373.mp4,strike,11
pitch3374.mp4,strike,11
pitch3376.mp4,strike,11
pitch3377.mp4,strike,11
pitch3382.mp4,ball,11
pitch3385.mp4,strike,11
pitch3387.mp4,ball,11
pitch3392.mp4,strike,11
pitch3393.mp4,strike,11
pitch3394.mp4,strike,11
pitch3396.mp4,strike,11
pitch3402.mp4,strike,11
pitch3403.mp4,strike,11
pitch3408.mp4,strike,11
pitch3410.mp4,strike,11
pitch3412.mp4,strike,11
pitch3417.mp4,strike,11
pitch3426.mp4,ball,11
pitch3428.mp4,strike,11
pitch3429.mp4,strike,11
pitch3433.mp4,strike,11
pitch3435.mp4,strike,11
pitch3436.mp4,strike,11
pitch3437.mp4,strike,11
pitch3440.mp4,strike,11
pitch3443.mp4,strike,11
pitch3445.mp4,ball,11
pitch3449.mp4,ball,11
pitch3452.mp4,strike,11
pitch3459.mp4,strike,11
pitch3465.mp4,strike,11
pitch3474.mp4,strike,11
pitch3475.mp4,ball,11
pitch3477.mp4,strike,11
pitch3478.mp4,strike,11
pitch3480.mp4,strike,11
pitch3481.mp4,strike,11
pitch3483.mp4,strike,11
pitch3484.mp4,strike,11
pitch3486.mp4,strike,11
pitch3488.mp4,ball,11
pitch3492.mp4,ball,11
pitch3495.mp4,ball,11
pitch3499.mp4,strike,11
pitch3500.mp4,strike,11
pitch3507.mp4,ball,11
pitch3513.mp4,strike,11
pitch3514.mp4,ball,11
pitch3517.mp4,strike,11
pitch3526.mp4,strike,11
pitch3527.mp4,ball,11
pitch3532.mp4,ball,11
pitch3533.mp4,ball,11
pitch3539.mp4,ball,11
pitch3540.mp4,ball,11
pitch3541.mp4,strike,11
pitch3542.mp4,strike,11
pitch3543.mp4,ball,11
pitch3545.mp4,strike,11
pitch3557.mp4,strike,11
pitch3561.mp4,ball,11
pitch3564.mp4,strike,11
pitch3566.mp4,ball,11
pitch3567.mp4,ball,11
pitch3570.mp4,strike,11
pitch3573.mp4,strike,11
pitch3585.mp4,strike,11
pitch3586.mp4,ball,11
pitch3587.mp4,strike,11
pitch3591.mp4,ball,11
pitch3595.mp4,strike,11
pitch3598.mp4,strike,11
pitch3601.mp4,ball,11
pitch3602.mp4,strike,11
pitch3604.mp4,strike,11
pitch3609.mp4,strike,11
pitch3610.mp4,ball,11
pitch3611.mp4,strike,11
pitch3612.mp4,strike,11
pitch3613.mp4,ball,11
pitch3614.mp4,strike,11
pitch3617.mp4,strike,11
pitch3618.mp4,strike,11
pitch3619.mp4,strike,11
pitch3620.mp4,strike,11
pitch3624.mp4,strike,11
pitch3625.mp4,ball,11
pitch3626.mp4,ball,11
pitch3628.mp4,ball,11
pitch3630.mp4,ball,11
pitch3631.mp4,strike,11
pitch3632.mp4,strike,11
pitch3634.mp4,ball,11
pitch3638.mp4,ball,11
pitch3639.mp4,strike,11
pitch3640.mp4,strike,11
pitch3647.mp4,ball,11
pitch3651.mp4,ball,11
pitch3652.mp4,strike,11
pitch3655.mp4,ball,11
pitch3658.mp4,strike,11
pitch3659.mp4,strike,11
pitch3660.mp4,ball,11
pitch3661.mp4,ball,11
pitch3662.mp4,ball,11
pitch3666.mp4,strike,11
pitch3667.mp4,strike,11
pitch3669.mp4,ball,11
pitch3671.mp4,strike,11
pitch3673.mp4,strike,11
pitch3676.mp4,ball,11
pitch3677.mp4,strike,11
pitch3681.mp4,strike,11
pitch3682.mp4,ball,11
pitch3687.mp4,strike,11
pitch3688.mp4,strike,11
pitch3692.mp4,strike,11
pitch3696.mp4,strike,11
pitch3703.mp4,ball,11
pitch3705.mp4,strike,11
pitch3710.mp4,ball,11
pitch3711.mp4,strike,11
pitch3712.mp4,strike,11
pitch3715.mp4,strike,11
pitch3718.mp4,ball,11
pitch3719.mp4,ball,11
pitch3722.mp4,ball,11
pitch3724.mp4,strike,11
pitch3725.mp4,strike,11
pitch3726.mp4,strike,11
pitch3728.mp4,strike,11
pitch3729.mp4,strike,11
pitch3730.mp4,strike,11
pitch3735.mp4,strike,11
pitch3737.mp4,strike,11
pitch3741.mp4,ball,11
pitch3742.mp4,strike,11
pitch3743.mp4,ball,11
pitch3745.mp4,ball,11
pitch3748.mp4,strike,11
pitch3750.mp4,strike,11
pitch3751.mp4,strike,11
pitch3752.mp4,strike,11
pitch3753.mp4,strike,11
pitch3754.mp4,strike,11
pitch3758.mp4,strike,11
pitch3762.mp4,strike,11
pitch3764.mp4,ball,11
pitch3765.mp4,ball,11
pitch3767.mp4,ball,11
pitch3769.mp4,strike,11
pitch3772.mp4,strike,11
pitch3773.mp4,strike,11
pitch3779.mp4,strike,11
pitch3782.mp4,strike,11
pitch3783.mp4,ball,11
pitch3784.mp4,strike,11
pitch3786.mp4,strike,11
pitch3789.mp4,strike,11
pitch3790.mp4,ball,11
pitch3791.mp4,ball,11
pitch3793.mp4,strike,11
pitch3795.mp4,strike,11
pitch3799.mp4,strike,11
pitch3800.mp4,strike,11
pitch3802.mp4,strike,11
pitch3807.mp4,ball,11
pitch3808.mp4,strike,11
pitch3811.mp4,ball,11
pitch3812.mp4,strike,11
pitch3813.mp4,ball,11
pitch3815.mp4,strike,11
pitch3818.mp4,strike,11
pitch3820.mp4,ball,11
pitch3823.mp4,ball,11
pitch3825.mp4,strike,11
pitch3826.mp4,ball,11
pitch3827.mp4,strike,11
pitch3829.mp4,strike,11
pitch3830.mp4,ball,11
pitch3832.mp4,strike,11
pitch3835.mp4,strike,11
pitch3838.mp4,ball,11
pitch3842.mp4,ball,11
pitch3845.mp4,strike,11
pitch3847.mp4,ball,11
pitch3848.mp4,strike,11
pitch3851.mp4,strike,11
pitch3857.mp4,strike,11
pitch3863.mp4,ball,11
pitch3866.mp4,strike,11
pitch3869.mp4,strike,11
pitch3871.mp4,strike,11
pitch3872.mp4,strike,11
pitch3875.mp4,strike,11
pitch3878.mp4,strike,11
pitch3879.mp4,ball,11
pitch3880.mp4,strike,11
pitch3881.mp4,ball,11
pitch3885.mp4,strike,11
pitch3886.mp4,strike,11
pitch3892.mp4,ball,11
pitch3893.mp4,strike,11
pitch3894.mp4,strike,11
pitch3895.mp4,strike,11
pitch3897.mp4,strike,11
pitch3898.mp4,strike,11
pitch3899.mp4,strike,11
pitch3900.mp4,strike,11
pitch3901.mp4,strike,11
pitch3902.mp4,ball,11
pitch3903.mp4,strike,11
pitch3916.mp4,strike,11
pitch3920.mp4,strike,11
pitch3921.mp4,strike,11
pitch3922.mp4,strike,11
pitch3923.mp4,strike,11
pitch3924.mp4,ball,11
pitch3927.mp4,ball,11
pitch3929.mp4,strike,11
pitch3933.mp4,strike,11
pitch3937.mp4,strike,11
pitch3946.mp4,strike,11
pitch3949.mp4,strike,11
pitch3954.mp4,strike,11
pitch3956.mp4,strike,11
pitch3958.mp4,strike,11
pitch3959.mp4,strike,11
pitch3963.mp4,ball,11
pitch3965.mp4,strike,11
pitch3968.mp4,strike,11
pitch3969.mp4,strike,11
pitch3972.mp4,strike,11
pitch3973.mp4,ball,11
pitch3976.mp4,strike,11
pitch3978.mp4,strike,11
pitch3979.mp4,strike,11
pitch3980.mp4,ball,11
pitch3982.mp4,ball,11
pitch3988.mp4,strike,11
pitch3989.mp4,ball,11
pitch3990.mp4,strike,11
pitch3993.mp4,ball,11
pitch3996.mp4,strike,11
pitch3998.mp4,ball,11
pitch4000.mp4,strike,11
pitch4004.mp4,ball,11
pitch4005.mp4,strike,11
pitch4011.mp4,strike,11
pitch4012.mp4,strike,11
pitch4015.mp4,strike,11
pitch4017.mp4,strike,11
pitch4019.mp4,strike,11
pitch4020.mp4,ball,11
pitch4024.mp4,ball,11
pitch4028.mp4,ball,11
pitch4029.mp4,strike,11
pitch4031.mp4,ball,11
pitch4035.mp4,strike,11
pitch4044.mp4,strike,11
pitch4045.mp4,strike,11
pitch4046.mp4,strike,11
pitch4050.mp4,strike,11
pitch4054.mp4,strike,11
pitch4060.mp4,strike,11
pitch4061.mp4,strike,11
pitch4062.mp4,strike,11
pitch4068.mp4,ball,11
pitch4069.mp4,ball,11
pitch4070.mp4,strike,11
pitch4071.mp4,strike,11
pitch4072.mp4,strike,11
pitch4077.mp4,ball,11
pitch4080.mp4,ball,11
pitch4081.mp4,strike,11
pitch4083.mp4,strike,11
pitch4088.mp4,strike,11
pitch4091.mp4,ball,11
pitch4093.mp4,strike,11
pitch4094.mp4,strike,11
pitch4096.mp4,ball,11
pitch4097.mp4,ball,11
pitch4101.mp4,ball,11
pitch4102.mp4,strike,11
pitch4103.mp4,strike,11
pitch4104.mp4,strike,11
pitch4109.mp4,strike,11
pitch4110.mp4,ball,11
pitch4118.mp4,strike,11
pitch4119.mp4,strike,11
pitch4120.mp4,ball,11
pitch4122.mp4,strike,11
pitch4124.mp4,ball,11
pitch4125.mp4,strike,11
pitch4129.mp4,strike,11
pitch4131.mp4,strike,11
pitch4135.mp4,strike,11
pitch4136.mp4,strike,11
pitch4138.mp4,strike,11
pitch4139.mp4,ball,11
pitch4143.mp4,ball,11
pitch4145.mp4,ball,11
pitch4148.mp4,strike,11
pitch4153.mp4,strike,11
pitch4154.mp4,strike,11
pitch4156.mp4,strike,11
pitch4162.mp4,strike,11
pitch4163.mp4,strike,11
pitch4164.mp4,strike,11
pitch4166.mp4,ball,11
pitch4171.mp4,ball,11
pitch4172.mp4,strike,11
pitch4173.mp4,strike,11
pitch4177.mp4,strike,11
pitch4179.mp4,strike,11
pitch4180.mp4,strike,11
pitch4184.mp4,strike,11
pitch4186.mp4,strike,11
pitch4189.mp4,ball,11
pitch4192.mp4,strike,11
pitch4196.mp4,ball,11
pitch4197.mp4,strike,11
pitch4201.mp4,ball,11
pitch4202.mp4,ball,11
pitch4205.mp4,strike,11
pitch4207.mp4,strike,11
pitch4209.mp4,ball,11
pitch4210.mp4,ball,11
pitch4212.mp4,strike,11
pitch4215.mp4,strike,11
pitch4218.mp4,ball,11
pitch4220.mp4,ball,11
pitch4222.mp4,ball,11
pitch4223.mp4,ball,11
pitch4227.mp4,ball,11
pitch4234.mp4,strike,11
pitch4236.mp4,ball,11
pitch4237.mp4,strike,11
pitch4238.mp4,strike,11
pitch4239.mp4,strike,11
pitch4241.mp4,strike,11
pitch4243.mp4,strike,11
pitch4244.mp4,ball,11
pitch4247.mp4,strike,11
pitch4249.mp4,strike,11
pitch4255.mp4,ball,11
pitch4258.mp4,strike,11
pitch4259.mp4,strike,11
pitch4260.mp4,ball,11
pitch4261.mp4,ball,11
pitch4263.mp4,ball,11
pitch4265.mp4,strike,11
pitch4267.mp4,strike,11
pitch4269.mp4,ball,11
pitch4271.mp4,ball,11
pitch4272.mp4,strike,11
pitch4273.mp4,strike,11
pitch4276.mp4,ball,11
pitch4279.mp4,ball,11
pitch4280.mp4,ball,11
pitch4285.mp4,ball,11
pitch4286.mp4,strike,11
pitch4288.mp4,ball,11
pitch4290.mp4,ball,11
pitch4295.mp4,strike,11
pitch4297.mp4,strike,11
pitch4299.mp4,strike,11
pitch4302.mp4,ball,11
pitch4304.mp4,ball,11
pitch4305.mp4,strike,11
pitch4306.mp4,strike,11
pitch4307.mp4,strike,11
pitch4310.mp4,strike,11
pitch4313.mp4,strike,11
pitch4315.mp4,strike,11
pitch4317.mp4,strike,11
pitch4318.mp4,strike,11
pitch4326.mp4,strike,11
pitch4327.mp4,strike,11
pitch4329.mp4,strike,11
pitch4335.mp4,strike,11
pitch4336.mp4,ball,11
pitch4341.mp4,ball,11
pitch4347.mp4,ball,11
pitch4349.mp4,strike,11
pitch4351.mp4,strike,11
pitch4352.mp4,strike,11
pitch4353.mp4,ball,11
pitch4355.mp4,ball,11
pitch4356.mp4,strike,11
pitch4361.mp4,strike,11
pitch4362.mp4,ball,11
pitch4363.mp4,ball,11
pitch4365.mp4,ball,11
pitch4368.mp4,ball,11
pitch4370.mp4,strike,11
pitch4372.mp4,strike,11
pitch4373.mp4,strike,11
pitch4380.mp4,strike,11
pitch4382.mp4,strike,11
pitch4383.mp4,strike,11
pitch4385.mp4,ball,11
pitch4387.mp4,strike,11
pitch4388.mp4,strike,11
pitch4389.mp4,strike,11
pitch4392.mp4,strike,11
pitch4395.mp4,ball,11
pitch4400.mp4,strike,11
pitch4401.mp4,strike,11
pitch4407.mp4,strike,11
pitch4409.mp4,strike,11
pitch4410.mp4,ball,11
pitch4414.mp4,strike,11
pitch4415.mp4,ball,11
pitch4418.mp4,strike,11
pitch4419.mp4,ball,11
pitch4421.mp4,strike,11
pitch4422.mp4,ball,11
pitch4425.mp4,strike,11
pitch4426.mp4,ball,11
pitch4429.mp4,strike,11
pitch4430.mp4,strike,11
pitch4431.mp4,strike,11
pitch4434.mp4,strike,11
pitch4435.mp4,strike,11
pitch4437.mp4,strike,11
pitch4440.mp4,ball,11
pitch4443.mp4,strike,11
pitch4447.mp4,strike,11
pitch4450.mp4,strike,11
pitch4451.mp4,ball,11
pitch4459.mp4,strike,11
pitch4460.mp4,strike,11
pitch4461.mp4,strike,11
pitch4463.mp4,strike,11
pitch4468.mp4,strike,11
pitch4469.mp4,strike,11
pitch4471.mp4,strike,11
pitch4473.mp4,strike,11
pitch4481.mp4,strike,11
pitch4482.mp4,strike,11
pitch4486.mp4,strike,11
pitch4490.mp4,ball,11
pitch4493.mp4,strike,11
pitch4496.mp4,ball,11
pitch4497.mp4,ball,11
pitch4501.mp4,strike,11
pitch4504.mp4,ball,11
pitch4505.mp4,strike,11
pitch4506.mp4,ball,11
pitch4507.mp4,ball,11
pitch4508.mp4,strike,11
pitch4509.mp4,ball,11
pitch4511.mp4,strike,11
pitch4513.mp4,strike,11
pitch4514.mp4,strike,11
pitch4515.mp4,ball,11
pitch4516.mp4,strike,11
pitch4523.mp4,strike,11
pitch4524.mp4,strike,11
pitch4530.mp4,strike,11
pitch4531.mp4,strike,11
pitch4532.mp4,strike,11
pitch4533.mp4,strike,11
pitch4536.mp4,ball,11
pitch4537.mp4,strike,11
pitch4538.mp4,strike,11
pitch4544.mp4,strike,11
pitch4546.mp4,ball,11
pitch4548.mp4,strike,11
pitch4550.mp4,ball,11
pitch4554.mp4,ball,11
pitch4555.mp4,ball,11
pitch4556.mp4,strike,11
pitch4558.mp4,ball,11
pitch4561.mp4,strike,11
pitch4562.mp4,strike,11
pitch4566.mp4,strike,11
pitch4567.mp4,strike,11
pitch4572.mp4,strike,11
pitch4578.mp4,strike,11
pitch4580.mp4,ball,11
pitch4582.mp4,strike,11
pitch4584.mp4,ball,11
pitch4586.mp4,strike,11
pitch4590.mp4,strike,11
pitch4592.mp4,ball,11
pitch4593.mp4,strike,11
pitch4595.mp4,ball,11
pitch4596.mp4,strike,11
pitch4598.mp4,strike,11
pitch4602.mp4,strike,11
pitch4603.mp4,ball,11
pitch4606.mp4,strike,11
pitch4608.mp4,strike,11
pitch4609.mp4,strike,11
pitch4610.mp4,ball,11
pitch4612.mp4,ball,11
pitch4614.mp4,strike,11
pitch4617.mp4,ball,11
pitch4624.mp4,strike,11
pitch4625.mp4,ball,11
pitch4631.mp4,strike,11
pitch4635.mp4,strike,11
pitch4636.mp4,ball,11
pitch4641.mp4,strike,11
pitch4642.mp4,strike,11
pitch4649.mp4,strike,11
pitch4652.mp4,strike,11
pitch4657.mp4,ball,11
pitch4658.mp4,strike,11
pitch4659.mp4,strike,11
pitch4664.mp4,ball,11
pitch4669.mp4,ball,11
pitch4670.mp4,ball,11
pitch4672.mp4,ball,11
pitch4675.mp4,strike,11
pitch4676.mp4,strike,11
pitch4681.mp4,strike,11
pitch4682.mp4,strike,11
pitch4685.mp4,ball,11
pitch4688.mp4,strike,11
pitch4697.mp4,strike,11
pitch4706.mp4,strike,11
pitch4708.mp4,ball,11
pitch4710.mp4,strike,11
pitch4715.mp4,strike,11
pitch4718.mp4,ball,11
pitch4719.mp4,ball,11
pitch4720.mp4,strike,11
pitch4723.mp4,strike,11
pitch4726.mp4,strike,11
pitch4731.mp4,strike,11
pitch4732.mp4,ball,11
pitch4736.mp4,ball,11
pitch4737.mp4,strike,11
pitch4740.mp4,ball,11
pitch4741.mp4,strike,11
pitch4743.mp4,strike,11
pitch4744.mp4,ball,11
pitch4746.mp4,strike,11
pitch4749.mp4,ball,11
pitch4750.mp4,strike,11
pitch4751.mp4,strike,11
pitch4752.mp4,strike,11
pitch4755.mp4,strike,11
pitch4757.mp4,strike,11
pitch4763.mp4,ball,11
pitch4764.mp4,ball,11
pitch4765.mp4,strike,11
pitch4768.mp4,strike,11
pitch4769.mp4,strike,11
pitch4771.mp4,strike,11
pitch4772.mp4,ball,11
pitch4773.mp4,strike,11
pitch4775.mp4,strike,11
pitch4776.mp4,strike,11
pitch4778.mp4,ball,11
pitch4780.mp4,strike,11
pitch4784.mp4,ball,11
pitch4789.mp4,ball,11
pitch4791.mp4,ball,11
pitch4792.mp4,strike,11
pitch4803.mp4,strike,11
pitch4806.mp4,strike,11
pitch4810.mp4,strike,11
pitch4811.mp4,strike,11
pitch4815.mp4,strike,11
pitch4816.mp4,strike,11
pitch4817.mp4,ball,11
pitch4820.mp4,strike,11
pitch4822.mp4,ball,11
pitch4823.mp4,strike,11
pitch4824.mp4,ball,11
pitch4834.mp4,ball,11
pitch4836.mp4,ball,11
pitch4837.mp4,strike,11
pitch4840.mp4,strike,11
pitch4846.mp4,ball,11
pitch4848.mp4,strike,11
pitch4849.mp4,strike,11
pitch4853.mp4,strike,11
pitch4854.mp4,strike,11
pitch4855.mp4,strike,11
pitch4859.mp4,strike,11
pitch4860.mp4,ball,11
pitch4863.mp4,strike,11
pitch4864.mp4,strike,11
pitch4865.mp4,ball,11
pitch4871.mp4,strike,11
pitch4872.mp4,ball,11
pitch4873.mp4,strike,11
pitch4875.mp4,ball,11
pitch4877.mp4,ball,11
pitch4880.mp4,strike,11
pitch4886.mp4,strike,11
pitch4889.mp4,strike,11
pitch4891.mp4,strike,11
pitch4892.mp4,strike,11
pitch4894.mp4,ball,11
pitch4898.mp4,strike,11
pitch4899.mp4,strike,11
pitch4901.mp4,strike,11
pitch4904.mp4,strike,11
pitch4906.mp4,strike,11
pitch4907.mp4,strike,11
pitch4908.mp4,strike,11
pitch4912.mp4,strike,11
pitch4915.mp4,strike,11
pitch4916.mp4,strike,11
pitch4917.mp4,strike,11
pitch4919.mp4,strike,11
pitch4927.mp4,strike,11
pitch4929.mp4,strike,11
pitch4931.mp4,strike,11
pitch4932.mp4,strike,11
pitch4934.mp4,ball,11
pitch4936.mp4,strike,11
pitch4939.mp4,ball,11
pitch4940.mp4,ball,11
pitch4948.mp4,strike,11
pitch4949.mp4,strike,11
pitch4950.mp4,strike,11
pitch4951.mp4,strike,11
pitch4952.mp4,strike,11
pitch4967.mp4,strike,11
pitch4971.mp4,strike,11
pitch4974.mp4,strike,11
pitch4975.mp4,ball,11
pitch4976.mp4,strike,11
pitch4983.mp4,strike,11
pitch4984.mp4,strike,11
pitch4986.mp4,strike,11
pitch4991.mp4,strike,11
pitch4993.mp4,strike,11
pitch4994.mp4,ball,11
pitch4997.mp4,strike,11
pitch5004.mp4,ball,11
pitch5005.mp4,ball,11
pitch5006.mp4,strike,11
pitch5008.mp4,strike,11
pitch5009.mp4,strike,11
pitch5010.mp4,ball,11
pitch5011.mp4,strike,11
pitch5016.mp4,strike,11
pitch5019.mp4,strike,11
pitch5021.mp4,ball,11
pitch5022.mp4,strike,11
pitch5024.mp4,strike,11
pitch5025.mp4,strike,11
pitch5028.mp4,strike,11
pitch5030.mp4,strike,11
pitch5031.mp4,strike,11
pitch5037.mp4,strike,11
pitch5040.mp4,strike,11
pitch5043.mp4,strike,11
pitch5044.mp4,ball,11
pitch5047.mp4,ball,11
pitch5049.mp4,strike,11
pitch5050.mp4,ball,11
pitch5053.mp4,strike,11
pitch5055.mp4,ball,11
pitch5056.mp4,strike,11
pitch5057.mp4,ball,11
pitch5058.mp4,strike,11
pitch5061.mp4,strike,11
pitch5069.mp4,ball,11
pitch5071.mp4,strike,11
pitch5076.mp4,strike,11
pitch5077.mp4,ball,11
pitch5078.mp4,ball,11
pitch5081.mp4,ball,11
pitch5083.mp4,strike,11
pitch5084.mp4,strike,11
pitch5085.mp4,ball,11
pitch5091.mp4,ball,11
pitch5094.mp4,strike,11
pitch5095.mp4,strike,11
pitch5100.mp4,strike,11
pitch5102.mp4,strike,11
pitch5108.mp4,strike,11
pitch5109.mp4,ball,11
pitch5112.mp4,ball,11
pitch5114.mp4,strike,11
pitch5115.mp4,strike,11
pitch5116.mp4,strike,11
pitch5118.mp4,strike,11
pitch5120.mp4,strike,11
pitch5121.mp4,strike,11
pitch5122.mp4,ball,11
pitch5124.mp4,strike,11
pitch5125.mp4,strike,11
pitch5127.mp4,ball,11
pitch5128.mp4,strike,11
pitch5129.mp4,strike,11
pitch5130.mp4,strike,11
pitch5134.mp4,strike,11
pitch5135.mp4,strike,11
pitch5137.mp4,ball,11
pitch5138.mp4,strike,11
pitch5139.mp4,ball,11
pitch5142.mp4,ball,11
pitch5144.mp4,strike,11
pitch5145.mp4,ball,11
pitch5146.mp4,ball,11
pitch5148.mp4,ball,11
pitch5149.mp4,strike,11
pitch5150.mp4,ball,11
pitch5151.mp4,strike,11
pitch5154.mp4,strike,11
pitch5159.mp4,strike,11
pitch5162.mp4,strike,11
pitch5165.mp4,strike,11
pitch5166.mp4,strike,11
pitch5169.mp4,strike,11
pitch5173.mp4,strike,11
pitch5174.mp4,strike,11
pitch5175.mp4,strike,11
pitch5176.mp4,strike,11
pitch5184.mp4,ball,11
pitch5185.mp4,strike,11
pitch5189.mp4,strike,11
pitch5191.mp4,ball,11
pitch5192.mp4,strike,11
pitch5195.mp4,strike,11
pitch5196.mp4,strike,11
pitch5199.mp4,strike,11
pitch5200.mp4,strike,11
pitch5204.mp4,strike,11
pitch5205.mp4,strike,11
pitch5207.mp4,strike,11
pitch5211.mp4,strike,11
pitch5212.mp4,strike,11
pitch5214.mp4,ball,11
pitch5215.mp4,ball,11
pitch5216.mp4,strike,11
pitch5217.mp4,strike,11
pitch5218.mp4,ball,11
pitch5222.mp4,strike,11
pitch5224.mp4,strike,11
pitch5225.mp4,strike,11
pitch5226.mp4,strike,11
pitch5228.mp4,strike,11
pitch5229.mp4,strike,11
pitch5234.mp4,strike,11
pitch5236.mp4,strike,11
pitch5237.mp4,strike,11
pitch5239.mp4,strike,11
pitch5240.mp4,strike,11
pitch5242.mp4,ball,11
pitch5243.mp4,ball,11
pitch5249.mp4,strike,11
pitch5253.mp4,ball,11
pitch5254.mp4,strike,11
pitch5259.mp4,ball,11
pitch5262.mp4,ball,11
pitch5268.mp4,ball,11
pitch5269.mp4,strike,11
pitch5270.mp4,ball,11
pitch5274.mp4,ball,11
pitch5281.mp4,ball,11
pitch5282.mp4,strike,11
pitch5285.mp4,ball,11
pitch5286.mp4,strike,11
pitch5292.mp4,strike,11
pitch5293.mp4,ball,11
pitch5294.mp4,ball,11
pitch5298.mp4,strike,11
pitch5301.mp4,strike,11
pitch5311.mp4,ball,11
pitch5312.mp4,strike,11
pitch5322.mp4,strike,11
pitch5323.mp4,ball,11
pitch5326.mp4,strike,11
pitch5327.mp4,strike,11
pitch5330.mp4,strike,11
pitch5331.mp4,strike,11
pitch5333.mp4,strike,11
pitch5336.mp4,strike,11
pitch5338.mp4,strike,11
pitch5340.mp4,strike,11
pitch5341.mp4,strike,11
pitch5344.mp4,strike,11
pitch5351.mp4,strike,11
pitch5352.mp4,strike,11
pitch5353.mp4,strike,11
pitch5354.mp4,ball,11
pitch5355.mp4,strike,11
pitch5357.mp4,ball,11
pitch5359.mp4,strike,11
pitch5361.mp4,strike,11
pitch5362.mp4,ball,11
pitch5365.mp4,ball,11
pitch5366.mp4,ball,11
pitch5367.mp4,strike,11
pitch5374.mp4,ball,11
pitch5379.mp4,ball,11
pitch5384.mp4,strike,11
pitch5385.mp4,ball,11
pitch5388.mp4,strike,11
pitch5394.mp4,strike,11
pitch5396.mp4,ball,11
pitch5397.mp4,strike,11
pitch5404.mp4,ball,11
pitch5405.mp4,ball,11
pitch5408.mp4,ball,11
pitch5411.mp4,strike,11
pitch5413.mp4,strike,11
pitch5414.mp4,strike,11
pitch5416.mp4,strike,11
pitch5419.mp4,strike,11
pitch5425.mp4,strike,11
pitch5426.mp4,ball,11
pitch5429.mp4,ball,11
pitch5432.mp4,strike,11
pitch5433.mp4,strike,11
pitch5435.mp4,strike,11
pitch5436.mp4,strike,11
pitch5437.mp4,ball,11
pitch5441.mp4,strike,11
pitch5445.mp4,strike,11
pitch5448.mp4,strike,11
pitch5450.mp4,strike,11
pitch5454.mp4,strike,11
pitch5457.mp4,strike,11
pitch5459.mp4,strike,11
pitch5461.mp4,strike,11
pitch5463.mp4,strike,11
pitch5464.mp4,strike,11
pitch5465.mp4,strike,11
pitch5466.mp4,strike,11
pitch5469.mp4,ball,11
pitch5472.mp4,ball,11
pitch5474.mp4,ball,11
pitch5477.mp4,strike,11
pitch5479.mp4,ball,11
pitch5482.mp4,strike,11
pitch5486.mp4,strike,11
pitch5487.mp4,strike,11
pitch5494.mp4,strike,11
pitch5496.mp4,ball,11
pitch5498.mp4,strike,11
pitch5499.mp4,strike,11
pitch5500.mp4,ball,11
pitch5501.mp4,strike,11
pitch5506.mp4,strike,11
pitch5510.mp4,strike,11
pitch5511.mp4,strike,11
pitch5512.mp4,strike,11
pitch5517.mp4,strike,11
pitch5519.mp4,strike,11
pitch5520.mp4,strike,11
pitch5522.mp4,ball,11
pitch5525.mp4,strike,11
pitch5527.mp4,ball,11
pitch5529.mp4,strike,11
pitch5533.mp4,ball,11
pitch5535.mp4,strike,11
pitch5536.mp4,strike,11
pitch5540.mp4,ball,11
pitch5541.mp4,ball,11
pitch5543.mp4,strike,11
pitch5545.mp4,strike,11
pitch5548.mp4,strike,11
pitch5551.mp4,ball,11
pitch5553.mp4,ball,11
pitch5555.mp4,strike,11
pitch5556.mp4,strike,11
pitch5567.mp4,ball,11
pitch5568.mp4,strike,11
pitch5569.mp4,strike,11
pitch5570.mp4,ball,11
pitch5572.mp4,ball,11
pitch5577.mp4,strike,11
pitch5578.mp4,strike,11
pitch5579.mp4,strike,11
pitch5580.mp4,ball,11
pitch5584.mp4,strike,11
pitch5586.mp4,strike,11
pitch5587.mp4,strike,11
pitch5588.mp4,ball,11
pitch5595.mp4,ball,11
pitch5596.mp4,ball,11
pitch5597.mp4,ball,11
pitch5602.mp4,strike,11
pitch5603.mp4,ball,11
pitch5605.mp4,strike,11
pitch5607.mp4,ball,11
pitch5608.mp4,strike,11
pitch5609.mp4,ball,11
pitch5610.mp4,ball,11
pitch5611.mp4,strike,11
pitch5613.mp4,ball,11
pitch5614.mp4,ball,11
pitch5615.mp4,ball,11
pitch5617.mp4,ball,11
pitch5618.mp4,ball,11
pitch5622.mp4,strike,11
pitch5630.mp4,ball,11
pitch5631.mp4,strike,11
pitch5632.mp4,ball,11
pitch5635.mp4,strike,11
pitch5638.mp4,strike,11
pitch5639.mp4,strike,11
pitch5641.mp4,ball,11
pitch5642.mp4,ball,11
pitch5646.mp4,strike,11
pitch5647.mp4,ball,11
pitch5649.mp4,strike,11
pitch5650.mp4,strike,11
pitch5651.mp4,ball,11
pitch5653.mp4,ball,11
pitch5656.mp4,strike,11
pitch5657.mp4,strike,11
pitch5662.mp4,strike,11
pitch5663.mp4,strike,11
pitch5669.mp4,ball,11
pitch5672.mp4,strike,11
pitch5673.mp4,ball,11
pitch5674.mp4,strike,11
pitch5676.mp4,ball,11
pitch5680.mp4,ball,11
pitch5681.mp4,strike,11
pitch5682.mp4,ball,11
pitch5683.mp4,strike,11
pitch5685.mp4,strike,11
pitch5686.mp4,ball,11
pitch5688.mp4,strike,11
pitch5690.mp4,strike,11
pitch5691.mp4,strike,11
pitch5693.mp4,strike,11
pitch5701.mp4,strike,11
pitch5702.mp4,strike,11
pitch5704.mp4,ball,11
pitch5706.mp4,strike,11
pitch5712.mp4,strike,11
pitch5713.mp4,strike,11
pitch5715.mp4,strike,11
pitch5716.mp4,ball,11
pitch5718.mp4,strike,11
pitch5719.mp4,strike,11
pitch5721.mp4,strike,11
pitch5724.mp4,ball,11
pitch5728.mp4,ball,11
pitch5730.mp4,ball,11
pitch5731.mp4,ball,11
pitch5734.mp4,strike,11
pitch5735.mp4,ball,11
pitch5736.mp4,strike,11
pitch5737.mp4,ball,11
pitch5738.mp4,strike,11
pitch5741.mp4,strike,11
pitch5743.mp4,strike,11
pitch5745.mp4,strike,11
pitch5746.mp4,strike,11
pitch5749.mp4,strike,11
pitch5751.mp4,ball,11
pitch5753.mp4,strike,11
pitch5754.mp4,ball,11
pitch5762.mp4,strike,11
pitch5764.mp4,ball,11
pitch5765.mp4,ball,11
pitch5769.mp4,strike,11
pitch5770.mp4,ball,11
pitch5771.mp4,ball,11
pitch5772.mp4,strike,11
pitch5773.mp4,ball,11
pitch5774.mp4,strike,11
pitch5775.mp4,strike,11
pitch5776.mp4,strike,11
pitch5779.mp4,strike,11
pitch5781.mp4,strike,11
pitch5782.mp4,strike,11
pitch5788.mp4,strike,11
pitch5790.mp4,strike,11
pitch5792.mp4,ball,11
pitch5794.mp4,strike,11
pitch5795.mp4,strike,11
pitch5796.mp4,ball,11
pitch5798.mp4,strike,11
pitch5802.mp4,strike,11
pitch5804.mp4,ball,11
pitch5805.mp4,strike,11
pitch5809.mp4,strike,11
pitch5811.mp4,ball,11
pitch5812.mp4,ball,11
pitch5814.mp4,strike,11
pitch5816.mp4,strike,11
pitch5818.mp4,strike,11
pitch5819.mp4,ball,11
pitch5825.mp4,strike,11
pitch5826.mp4,ball,11
pitch5827.mp4,strike,11
pitch5832.mp4,strike,11
pitch5835.mp4,ball,11
pitch5841.mp4,strike,11
pitch5842.mp4,ball,11
pitch5844.mp4,strike,11
pitch5846.mp4,strike,11
pitch5848.mp4,ball,11
pitch5850.mp4,strike,11
pitch5851.mp4,strike,11
pitch5853.mp4,strike,11
pitch5857.mp4,ball,11
pitch5862.mp4,ball,11
pitch5866.mp4,ball,11
pitch5868.mp4,ball,11
pitch5869.mp4,strike,11
pitch5870.mp4,ball,11
pitch5872.mp4,strike,11
pitch5874.mp4,ball,11
pitch5875.mp4,strike,11
pitch5876.mp4,strike,11
pitch5878.mp4,strike,11
pitch5883.mp4,strike,11
pitch5884.mp4,ball,11
pitch5890.mp4,strike,11
pitch5892.mp4,strike,11
pitch5897.mp4,strike,11
pitch5898.mp4,ball,11
pitch5899.mp4,ball,11
pitch5903.mp4,strike,11
pitch5909.mp4,ball,11
pitch5910.mp4,ball,11
pitch5914.mp4,strike,11
pitch5915.mp4,strike,11
pitch5919.mp4,strike,11
pitch5921.mp4,strike,11
pitch5923.mp4,ball,11
pitch5924.mp4,ball,11
pitch5932.mp4,ball,11
pitch5933.mp4,strike,11
pitch5935.mp4,strike,11
pitch5936.mp4,ball,11
pitch5937.mp4,strike,11
pitch5939.mp4,strike,11
pitch5940.mp4,ball,11
pitch5941.mp4,strike,11
pitch5942.mp4,strike,11
pitch5943.mp4,ball,11
pitch5944.mp4,strike,11
pitch5947.mp4,strike,11
pitch5949.mp4,strike,11
pitch5950.mp4,strike,11
pitch5955.mp4,ball,11
pitch5958.mp4,strike,11
pitch5960.mp4,strike,11
pitch5961.mp4,strike,11
pitch5962.mp4,ball,11
pitch5963.mp4,strike,11
pitch5965.mp4,strike,11
pitch5966.mp4,ball,11
pitch5973.mp4,strike,11
pitch5975.mp4,ball,11
pitch5978.mp4,ball,11
pitch5980.mp4,strike,11
pitch5981.mp4,strike,11
pitch5983.mp4,strike,11
pitch5985.mp4,strike,11
pitch5987.mp4,strike,11
pitch5988.mp4,strike,11
pitch5990.mp4,strike,11
pitch5992.mp4,strike,11
pitch5995.mp4,strike,11
pitch6002.mp4,strike,11
pitch6003.mp4,ball,11
pitch6010.mp4,strike,11
pitch6011.mp4,strike,11
pitch6016.mp4,strike,11
pitch6017.mp4,strike,11
pitch6020.mp4,strike,11
pitch6026.mp4,strike,11
pitch6029.mp4,strike,11
pitch6031.mp4,strike,11
pitch6033.mp4,strike,11
pitch6035.mp4,ball,11
pitch6039.mp4,strike,11
pitch6041.mp4,ball,11
pitch6042.mp4,strike,11
pitch6046.mp4,ball,11
pitch6050.mp4,strike,11
pitch6054.mp4,strike,11
pitch6058.mp4,strike,11
pitch6064.mp4,ball,11
pitch6066.mp4,strike,11
pitch6067.mp4,strike,11
pitch6068.mp4,strike,11
pitch6071.mp4,strike,11
pitch6075.mp4,ball,11
pitch6077.mp4,ball,11
pitch6082.mp4,strike,11
pitch6083.mp4,strike,11
pitch6084.mp4,strike,11
pitch6085.mp4,strike,11
pitch6086.mp4,ball,11
pitch6089.mp4,strike,11
pitch6091.mp4,strike,11
pitch6092.mp4,ball,11
pitch6099.mp4,strike,11
pitch6105.mp4,strike,11
pitch6109.mp4,ball,11
pitch6115.mp4,strike,11
pitch6117.mp4,strike,11
pitch6119.mp4,strike,11
pitch6122.mp4,strike,11
pitch6124.mp4,ball,11
pitch6126.mp4,strike,11
pitch6127.mp4,ball,11
pitch6128.mp4,ball,11
pitch6129.mp4,strike,11
pitch6133.mp4,strike,11
pitch6135.mp4,strike,11
pitch6141.mp4,strike,11
pitch6144.mp4,ball,11
pitch6145.mp4,ball,11
pitch6149.mp4,ball,11
pitch6153.mp4,strike,11
pitch6155.mp4,strike,11
pitch6157.mp4,ball,11
pitch6159.mp4,ball,11
pitch6160.mp4,strike,11
pitch6162.mp4,ball,11
pitch6165.mp4,ball,11
pitch6166.mp4,strike,11
pitch6175.mp4,ball,11
pitch6183.mp4,ball,11
pitch6186.mp4,ball,11
pitch6190.mp4,ball,11
pitch6191.mp4,ball,11
pitch6193.mp4,strike,11
pitch6197.mp4,strike,11
pitch6199.mp4,strike,11
pitch6202.mp4,ball,11
pitch6203.mp4,strike,11
pitch6208.mp4,ball,11
pitch6211.mp4,strike,11
pitch6213.mp4,strike,11
pitch6214.mp4,strike,11
pitch6216.mp4,strike,11
pitch6219.mp4,ball,11
pitch6221.mp4,strike,11
pitch6222.mp4,strike,11
pitch6226.mp4,strike,11
pitch6227.mp4,strike,11
pitch6228.mp4,strike,11
pitch6229.mp4,strike,11
pitch6242.mp4,ball,11
pitch6243.mp4,ball,11
pitch6244.mp4,strike,11
pitch6248.mp4,ball,11
pitch6252.mp4,ball,11
pitch6257.mp4,strike,11
pitch6258.mp4,strike,11
pitch6259.mp4,strike,11
pitch6261.mp4,strike,11
pitch6262.mp4,strike,11
pitch6263.mp4,strike,11
pitch6266.mp4,strike,11
pitch6271.mp4,strike,11
pitch6273.mp4,strike,11
pitch6277.mp4,strike,11
pitch6281.mp4,strike,11
pitch6282.mp4,strike,11
pitch6287.mp4,strike,11
pitch6289.mp4,strike,11
pitch6290.mp4,ball,11
pitch6292.mp4,strike,11
pitch6295.mp4,strike,11
pitch6300.mp4,strike,11
pitch6301.mp4,strike,11
pitch6302.mp4,strike,11
pitch6303.mp4,ball,11
pitch6304.mp4,ball,11
pitch6307.mp4,strike,11
pitch6308.mp4,ball,11
pitch6313.mp4,ball,11
pitch6314.mp4,ball,11
pitch6318.mp4,ball,11
pitch6319.mp4,strike,11
pitch6320.mp4,ball,11
pitch6321.mp4,strike,11
pitch6322.mp4,ball,11
pitch6325.mp4,strike,11
pitch6327.mp4,strike,11
pitch6328.mp4,strike,11
pitch6329.mp4,strike,11
pitch6330.mp4,ball,11
pitch6331.mp4,ball,11
pitch6335.mp4,strike,11
pitch6336.mp4,strike,11
pitch6337.mp4,strike,11
pitch6338.mp4,strike,11
pitch6340.mp4,strike,11
pitch6343.mp4,strike,11
pitch6344.mp4,strike,11
pitch6347.mp4,ball,11
pitch6351.mp4,strike,11
pitch6352.mp4,strike,11
pitch6353.mp4,strike,11
pitch6354.mp4,ball,11
pitch6358.mp4,ball,11
pitch6359.mp4,strike,11
pitch6362.mp4,strike,11
pitch6364.mp4,strike,11
pitch6366.mp4,strike,11
pitch6367.mp4,strike,11
pitch6369.mp4,strike,11
pitch6374.mp4,strike,11
pitch6380.mp4,ball,11
pitch6382.mp4,ball,11
pitch6385.mp4,strike,11
pitch6386.mp4,ball,11
pitch6387.mp4,strike,11
pitch6388.mp4,strike,11
pitch6391.mp4,strike,11
pitch6393.mp4,ball,11
pitch6395.mp4,ball,11
pitch6396.mp4,ball,11
pitch6399.mp4,strike,11
pitch6400.mp4,ball,11
pitch6401.mp4,strike,11
pitch6402.mp4,strike,11
pitch6403.mp4,ball,11
pitch6404.mp4,strike,11
pitch6406.mp4,ball,11
pitch6407.mp4,strike,11
pitch6408.mp4,strike,11
pitch6410.mp4,ball,11
pitch6413.mp4,strike,11
pitch6415.mp4,strike,11
pitch6421.mp4,strike,11
pitch6423.mp4,strike,11
pitch6424.mp4,strike,11
pitch6426.mp4,strike,11
pitch6428.mp4,strike,11
pitch6432.mp4,ball,11
pitch6438.mp4,strike,11
pitch6439.mp4,strike,11
pitch6440.mp4,strike,11
pitch6441.mp4,ball,11
pitch6443.mp4,ball,11
pitch6445.mp4,ball,11
pitch6447.mp4,strike,11
pitch6451.mp4,strike,11
pitch6454.mp4,strike,11
pitch6456.mp4,strike,11
pitch6459.mp4,strike,11
pitch6460.mp4,strike,11
pitch6464.mp4,ball,11
pitch6466.mp4,strike,11
pitch6468.mp4,strike,11
pitch6472.mp4,strike,11
pitch6473.mp4,strike,11
pitch6474.mp4,strike,11
pitch6475.mp4,strike,11
pitch6476.mp4,strike,11
pitch6481.mp4,strike,11
pitch6483.mp4,strike,11
pitch6484.mp4,strike,11
pitch6486.mp4,strike,11
pitch6489.mp4,ball,11
pitch6491.mp4,ball,11
pitch6492.mp4,ball,11
pitch6497.mp4,strike,11
pitch6498.mp4,ball,11
pitch6502.mp4,strike,11
pitch6503.mp4,strike,11
pitch6504.mp4,strike,11
pitch6506.mp4,strike,11
pitch6507.mp4,strike,11
pitch6508.mp4,strike,11
pitch6509.mp4,strike,11
pitch6511.mp4,strike,11
pitch6512.mp4,strike,11
pitch6513.mp4,strike,11
pitch6514.mp4,strike,11
pitch6515.mp4,ball,11
pitch6523.mp4,strike,11
pitch6524.mp4,ball,11
pitch6527.mp4,ball,11
pitch6528.mp4,strike,11
pitch6529.mp4,strike,11
pitch6530.mp4,ball,11
pitch6532.mp4,strike,11
pitch6535.mp4,ball,11
pitch6537.mp4,strike,11
pitch6539.mp4,ball,11
pitch6545.mp4,strike,11
pitch6547.mp4,strike,11
pitch6548.mp4,strike,11
pitch6550.mp4,strike,11
pitch6551.mp4,strike,11
pitch6552.mp4,strike,11
pitch6556.mp4,ball,11
pitch6562.mp4,ball,11
pitch6565.mp4,ball,11
pitch6569.mp4,strike,11
pitch6571.mp4,strike,11
pitch6573.mp4,ball,11
pitch6574.mp4,strike,11
pitch6575.mp4,strike,11
pitch6576.mp4,strike,11
pitch6578.mp4,strike,11
pitch6579.mp4,strike,11
pitch6584.mp4,strike,11
pitch6598.mp4,strike,11
pitch6601.mp4,ball,11
pitch6602.mp4,strike,11
pitch6604.mp4,strike,11
pitch6610.mp4,strike,11
pitch6612.mp4,ball,11
pitch6614.mp4,strike,11
pitch6615.mp4,strike,11
pitch6619.mp4,strike,11
pitch6621.mp4,strike,11
pitch6622.mp4,ball,11
pitch6626.mp4,strike,11
pitch6627.mp4,strike,11
pitch6628.mp4,strike,11
pitch6629.mp4,strike,11
pitch6632.mp4,strike,11
pitch6634.mp4,strike,11
pitch6635.mp4,ball,11
pitch6639.mp4,strike,11
pitch6640.mp4,strike,11
pitch6643.mp4,strike,11
pitch6646.mp4,ball,11
pitch6652.mp4,ball,11
pitch6653.mp4,strike,11
pitch6656.mp4,ball,11
pitch6664.mp4,strike,11
pitch6667.mp4,strike,11
pitch6672.mp4,ball,11
pitch6677.mp4,ball,11
pitch6678.mp4,strike,11
pitch6679.mp4,strike,11
pitch6682.mp4,strike,11
pitch6684.mp4,strike,11
pitch6686.mp4,strike,11
pitch6692.mp4,ball,11
pitch6693.mp4,ball,11
pitch6694.mp4,strike,11
pitch6695.mp4,ball,11
pitch6696.mp4,ball,11
pitch6697.mp4,strike,11
pitch6698.mp4,strike,11
pitch6700.mp4,strike,11
pitch6702.mp4,strike,11
pitch6707.mp4,ball,11
pitch6712.mp4,ball,11
pitch6713.mp4,strike,11
pitch6723.mp4,strike,11
pitch6726.mp4,strike,11
pitch6727.mp4,strike,11
pitch6728.mp4,strike,11
pitch6729.mp4,strike,11
pitch6731.mp4,strike,11
pitch6733.mp4,strike,11
pitch6734.mp4,strike,11
pitch6739.mp4,strike,11
pitch6744.mp4,ball,11
pitch6746.mp4,ball,11
pitch6747.mp4,ball,11
pitch6749.mp4,strike,11
pitch6755.mp4,ball,11
pitch6756.mp4,strike,11
pitch6758.mp4,ball,11
pitch6762.mp4,strike,11
pitch6764.mp4,ball,11
pitch6767.mp4,strike,11
pitch6768.mp4,strike,11
pitch6775.mp4,strike,11
pitch6777.mp4,strike,11
pitch6778.mp4,strike,11
pitch6780.mp4,strike,11
pitch6781.mp4,strike,11
pitch6782.mp4,ball,11
pitch6785.mp4,strike,11
pitch6789.mp4,strike,11
pitch6790.mp4,strike,11
pitch6796.mp4,strike,11
pitch6799.mp4,ball,11
pitch6802.mp4,ball,11
pitch6803.mp4,ball,11
pitch6804.mp4,ball,11
pitch6808.mp4,strike,11
pitch6809.mp4,strike,11
pitch6810.mp4,ball,11
pitch6811.mp4,strike,11
pitch6813.mp4,strike,11
pitch6815.mp4,strike,11
pitch6816.mp4,ball,11
pitch6820.mp4,strike,11
pitch6821.mp4,ball,11
pitch6824.mp4,strike,11
pitch6825.mp4,strike,11
pitch6833.mp4,strike,11
pitch6834.mp4,ball,11
pitch6843.mp4,ball,11
pitch6848.mp4,ball,11
pitch6850.mp4,strike,11
pitch6856.mp4,ball,11
pitch6857.mp4,strike,11
pitch6858.mp4,strike,11
pitch6859.mp4,ball,11
pitch6864.mp4,strike,11
pitch6865.mp4,ball,11
pitch6868.mp4,strike,11
pitch6874.mp4,ball,11
pitch6877.mp4,strike,11
pitch6878.mp4,strike,11
pitch6879.mp4,strike,11
pitch6880.mp4,strike,11
pitch6881.mp4,ball,11
pitch6884.mp4,strike,11
pitch6885.mp4,strike,11
pitch6887.mp4,ball,11
pitch6890.mp4,ball,11
pitch6891.mp4,ball,11
pitch6894.mp4,strike,11
pitch6895.mp4,strike,11
pitch6899.mp4,strike,11
pitch6900.mp4,strike,11
pitch6903.mp4,ball,11
pitch6906.mp4,strike,11
pitch6907.mp4,strike,11
pitch6909.mp4,strike,11
pitch6910.mp4,ball,11
pitch6911.mp4,ball,11
pitch6914.mp4,strike,11
pitch6915.mp4,strike,11
pitch6917.mp4,strike,11
pitch6923.mp4,strike,11
pitch6926.mp4,ball,11
pitch6929.mp4,strike,11
pitch6930.mp4,strike,11
pitch6931.mp4,strike,11
pitch6932.mp4,strike,11
pitch6934.mp4,strike,11
pitch6937.mp4,ball,11
pitch6939.mp4,ball,11
pitch6940.mp4,strike,11
pitch6943.mp4,ball,11
pitch6944.mp4,strike,11
pitch6947.mp4,ball,11
pitch6951.mp4,strike,11
pitch6955.mp4,strike,11
pitch6956.mp4,strike,11
pitch6958.mp4,strike,11
pitch6960.mp4,strike,11
pitch6963.mp4,ball,11
pitch6970.mp4,strike,11
pitch6975.mp4,strike,11
pitch6977.mp4,strike,11
pitch6989.mp4,ball,11
pitch6990.mp4,ball,11
pitch6994.mp4,strike,11
pitch6995.mp4,strike,11
pitch6996.mp4,ball,11
pitch7000.mp4,strike,11
pitch7002.mp4,ball,11
pitch7005.mp4,ball,11
pitch7008.mp4,strike,11
pitch7015.mp4,strike,11
pitch7018.mp4,strike,11
pitch7019.mp4,strike,11
pitch7022.mp4,strike,11
pitch7031.mp4,strike,11
pitch7032.mp4,strike,11
pitch7034.mp4,strike,11
pitch7035.mp4,strike,11
pitch7038.mp4,strike,11
pitch7039.mp4,strike,11
pitch7041.mp4,ball,11
pitch7045.mp4,strike,11
pitch7046.mp4,strike,11
pitch7050.mp4,strike,11
pitch7056.mp4,strike,11
pitch7060.mp4,strike,11
pitch7063.mp4,ball,11
pitch7064.mp4,strike,11
pitch7065.mp4,strike,11
pitch7066.mp4,strike,11
pitch7071.mp4,strike,11
pitch7074.mp4,ball,11
pitch7075.mp4,strike,11
pitch7076.mp4,strike,11
pitch7077.mp4,strike,11
pitch7083.mp4,strike,11
pitch7084.mp4,strike,11
pitch7085.mp4,ball,11
pitch7089.mp4,strike,11
pitch7091.mp4,strike,11
pitch7093.mp4,strike,11
pitch7095.mp4,strike,11
pitch7096.mp4,strike,11
pitch7097.mp4,ball,11
pitch7104.mp4,strike,11
pitch7113.mp4,strike,11
pitch7114.mp4,strike,11
pitch7116.mp4,strike,11
pitch7117.mp4,strike,11
pitch7118.mp4,strike,11
pitch7121.mp4,strike,11
pitch7122.mp4,strike,11
pitch7123.mp4,ball,11
pitch7124.mp4,strike,11
pitch7126.mp4,strike,11
pitch7127.mp4,strike,11
pitch7128.mp4,strike,11
pitch7129.mp4,strike,11
pitch7131.mp4,strike,11
pitch7132.mp4,ball,11
pitch7133.mp4,strike,11
pitch7135.mp4,strike,11
pitch7136.mp4,strike,11
pitch7140.mp4,ball,11
pitch7143.mp4,ball,11
pitch7145.mp4,strike,11
pitch7146.mp4,strike,11
pitch7147.mp4,strike,11
pitch7148.mp4,ball,11
pitch7150.mp4,strike,11
pitch7152.mp4,strike,11
pitch7153.mp4,ball,11
pitch7159.mp4,ball,11
pitch7160.mp4,strike,11
pitch7166.mp4,ball,11
pitch7167.mp4,strike,11
pitch7170.mp4,ball,11
pitch7171.mp4,strike,11
pitch7175.mp4,strike,11
pitch7176.mp4,strike,11
pitch7177.mp4,ball,11
pitch7178.mp4,strike,11
pitch7179.mp4,ball,11
pitch7181.mp4,strike,11
pitch7182.mp4,strike,11
pitch7191.mp4,strike,11
pitch7192.mp4,ball,11
pitch7195.mp4,strike,11
pitch7200.mp4,ball,11
pitch7206.mp4,ball,11
pitch7215.mp4,strike,11
pitch7221.mp4,strike,11
pitch7230.mp4,strike,11
pitch7231.mp4,ball,11
pitch7232.mp4,strike,11
pitch7234.mp4,strike,11
pitch7237.mp4,strike,11
pitch7241.mp4,strike,11
pitch7242.mp4,ball,11
pitch7243.mp4,ball,11
pitch7247.mp4,strike,11
pitch7255.mp4,strike,11
pitch7258.mp4,ball,11
pitch7262.mp4,strike,11
pitch7263.mp4,ball,11
pitch7265.mp4,strike,11
pitch7266.mp4,strike,11
pitch7267.mp4,strike,11
pitch7270.mp4,ball,11
pitch7273.mp4,strike,11
pitch7275.mp4,ball,11
pitch7277.mp4,strike,11
pitch7280.mp4,strike,11
pitch7281.mp4,strike,11
pitch7282.mp4,ball,11
pitch7292.mp4,ball,11
pitch7298.mp4,strike,11
pitch7307.mp4,strike,11
pitch7309.mp4,strike,11
pitch7310.mp4,strike,11
pitch7311.mp4,strike,11
pitch7323.mp4,strike,11
pitch7330.mp4,strike,11
pitch7332.mp4,ball,11
pitch7336.mp4,strike,11
pitch7337.mp4,strike,11
pitch7346.mp4,strike,11
pitch7348.mp4,ball,11
pitch7351.mp4,strike,11
pitch7352.mp4,ball,11
pitch7353.mp4,ball,11
pitch7362.mp4,strike,11
pitch7367.mp4,strike,11
pitch7369.mp4,ball,11
pitch7370.mp4,ball,11
pitch7373.mp4,strike,11
pitch7376.mp4,strike,11
pitch7379.mp4,strike,11
pitch7381.mp4,strike,11
pitch7382.mp4,strike,11
pitch7384.mp4,strike,11
pitch7387.mp4,ball,11
pitch7388.mp4,strike,11
pitch7389.mp4,strike,11
pitch7392.mp4,strike,11
pitch7399.mp4,strike,11
pitch7400.mp4,strike,11
pitch7401.mp4,strike,11
pitch7406.mp4,strike,11
pitch7408.mp4,strike,11
pitch7412.mp4,strike,11
pitch7415.mp4,ball,11
pitch7418.mp4,strike,11
pitch7420.mp4,strike,11
pitch7422.mp4,strike,11
pitch7424.mp4,ball,11
pitch7427.mp4,strike,11
pitch7429.mp4,strike,11
pitch7432.mp4,ball,11
pitch7433.mp4,strike,11
pitch7434.mp4,strike,11
pitch7439.mp4,strike,11
pitch7440.mp4,ball,11
pitch7441.mp4,strike,11
pitch7442.mp4,strike,11
pitch7444.mp4,ball,11
pitch7445.mp4,strike,11
pitch7448.mp4,strike,11
pitch7452.mp4,strike,11
pitch7453.mp4,ball,11
pitch7454.mp4,strike,11
pitch7458.mp4,ball,11
pitch7459.mp4,strike,11
pitch7461.mp4,strike,11
pitch7462.mp4,strike,11
pitch7464.mp4,strike,11
pitch7466.mp4,ball,11
pitch7469.mp4,strike,11
pitch7470.mp4,strike,11
pitch7472.mp4,ball,11
pitch7475.mp4,strike,11
pitch7480.mp4,ball,11
pitch7486.mp4,strike,11
pitch7488.mp4,ball,11
pitch7492.mp4,strike,11
pitch7493.mp4,strike,11
pitch7496.mp4,ball,11
pitch7499.mp4,ball,11
pitch7505.mp4,strike,11
pitch7507.mp4,ball,11
pitch7508.mp4,strike,11
pitch7512.mp4,strike,11
pitch7519.mp4,strike,11
pitch7521.mp4,strike,11
pitch7524.mp4,ball,11
pitch7528.mp4,ball,11
pitch7530.mp4,ball,11
pitch7533.mp4,ball,11
pitch7536.mp4,ball,11
pitch7542.mp4,strike,11
pitch7543.mp4,ball,11
pitch7546.mp4,strike,11
pitch7547.mp4,ball,11
pitch7548.mp4,strike,11
pitch7549.mp4,strike,11
pitch7550.mp4,strike,11
pitch7551.mp4,ball,11
pitch7561.mp4,strike,11
pitch7563.mp4,strike,11
pitch7566.mp4,ball,11
pitch7568.mp4,strike,11
pitch7575.mp4,strike,11
pitch7577.mp4,strike,11
pitch7580.mp4,strike,11
pitch7582.mp4,ball,11
pitch7583.mp4,strike,11
pitch7585.mp4,ball,11
pitch7588.mp4,strike,11
pitch7592.mp4,strike,11
pitch7594.mp4,strike,11
pitch7596.mp4,ball,11
pitch7598.mp4,ball,11
pitch7599.mp4,strike,11
pitch7600.mp4,strike,11
pitch7604.mp4,strike,11
pitch7609.mp4,strike,11
pitch7614.mp4,strike,11
pitch7617.mp4,strike,11
pitch7619.mp4,strike,11
pitch7620.mp4,strike,11
pitch7621.mp4,strike,11
pitch7625.mp4,strike,11
pitch7627.mp4,strike,11
pitch7629.mp4,strike,11
pitch7633.mp4,strike,11
pitch7634.mp4,strike,11
pitch7637.mp4,strike,11
pitch7640.mp4,ball,11
pitch7643.mp4,ball,11
pitch7644.mp4,ball,11
pitch7646.mp4,strike,11
pitch7647.mp4,strike,11
pitch7648.mp4,strike,11
pitch7650.mp4,strike,11
pitch7651.mp4,ball,11
pitch7652.mp4,strike,11
pitch7653.mp4,strike,11
pitch7661.mp4,ball,11
pitch7662.mp4,strike,11
pitch7665.mp4,strike,11
pitch7667.mp4,strike,11
pitch7668.mp4,ball,11
pitch7669.mp4,strike,11
pitch7670.mp4,strike,11
pitch7671.mp4,strike,11
pitch7673.mp4,ball,11
pitch7675.mp4,strike,11
pitch7677.mp4,ball,11
pitch7681.mp4,ball,11
pitch7685.mp4,ball,11
pitch7688.mp4,strike,11
pitch7694.mp4,strike,11
pitch7700.mp4,strike,11
pitch7704.mp4,strike,11
pitch7705.mp4,ball,11
pitch7707.mp4,strike,11
pitch7708.mp4,strike,11
pitch7709.mp4,ball,11
pitch7710.mp4,ball,11
pitch7711.mp4,strike,11
pitch7717.mp4,ball,11
pitch7718.mp4,strike,11
pitch7719.mp4,ball,11
pitch7720.mp4,strike,11
pitch7721.mp4,strike,11
pitch7723.mp4,strike,11
pitch7725.mp4,strike,11
pitch7726.mp4,ball,11
pitch7727.mp4,strike,11
pitch7730.mp4,strike,11
pitch7731.mp4,strike,11
pitch7732.mp4,strike,11
pitch7733.mp4,strike,11
pitch7736.mp4,strike,11
pitch7737.mp4,ball,11
pitch7739.mp4,strike,11
pitch7740.mp4,strike,11
pitch7747.mp4,strike,11
pitch7752.mp4,strike,11
pitch7754.mp4,ball,11
pitch7755.mp4,strike,11
pitch7758.mp4,strike,11
pitch7760.mp4,ball,11
pitch7763.mp4,strike,11
pitch7766.mp4,ball,11
pitch7772.mp4,strike,11
pitch7773.mp4,strike,11
pitch7775.mp4,strike,11
pitch7776.mp4,strike,11
pitch7782.mp4,strike,11
pitch7783.mp4,strike,11
pitch7788.mp4,strike,11
pitch7790.mp4,ball,11
pitch7792.mp4,strike,11
pitch7795.mp4,strike,11
pitch7799.mp4,strike,11
pitch7801.mp4,strike,11
pitch7802.mp4,strike,11
pitch7803.mp4,strike,11
pitch7806.mp4,strike,11
pitch7807.mp4,strike,11
pitch7808.mp4,strike,11
pitch7812.mp4,strike,11
pitch7815.mp4,ball,11
pitch7817.mp4,strike,11
pitch7820.mp4,ball,11
pitch7821.mp4,strike,11
pitch7823.mp4,ball,11
pitch7824.mp4,ball,11
pitch7826.mp4,ball,11
pitch7827.mp4,strike,11
pitch7828.mp4,ball,11
pitch7831.mp4,strike,11
pitch7833.mp4,strike,11
pitch7834.mp4,ball,11
pitch7843.mp4,strike,11
pitch7844.mp4,ball,11
pitch7846.mp4,strike,11
pitch7848.mp4,strike,11
pitch7854.mp4,strike,11
pitch7857.mp4,strike,11
pitch7860.mp4,ball,11
pitch7861.mp4,strike,11
pitch7863.mp4,strike,11
pitch7864.mp4,strike,11
pitch7866.mp4,ball,11
pitch7867.mp4,strike,11
pitch7868.mp4,strike,11
pitch7870.mp4,strike,11
pitch7872.mp4,ball,11
pitch7875.mp4,strike,11
pitch7878.mp4,strike,11
pitch7879.mp4,strike,11
pitch7887.mp4,ball,11
pitch7888.mp4,strike,11
pitch7889.mp4,strike,11
pitch7892.mp4,strike,11
pitch7893.mp4,strike,11
pitch7894.mp4,strike,11
pitch7895.mp4,strike,11
pitch7896.mp4,strike,11
pitch7899.mp4,strike,11
pitch7900.mp4,ball,11
pitch7903.mp4,strike,11
pitch7909.mp4,strike,11
pitch7914.mp4,strike,11
pitch7915.mp4,strike,11
pitch7918.mp4,strike,11
pitch7922.mp4,strike,11
pitch7923.mp4,strike,11
pitch7924.mp4,strike,11
pitch7927.mp4,strike,11
pitch7931.mp4,strike,11
pitch7935.mp4,ball,11
pitch7938.mp4,ball,11
pitch7941.mp4,strike,11
pitch7948.mp4,strike,11
pitch7950.mp4,ball,11
pitch7952.mp4,strike,11
pitch7953.mp4,ball,11
pitch7954.mp4,strike,11
pitch7955.mp4,strike,11
pitch7956.mp4,ball,11
pitch7957.mp4,strike,11
pitch7958.mp4,ball,11
pitch7959.mp4,strike,11
pitch7963.mp4,strike,11
pitch7966.mp4,strike,11
pitch7970.mp4,strike,11
pitch7971.mp4,strike,11
pitch7974.mp4,strike,11
pitch7975.mp4,strike,11
pitch7978.mp4,ball,11
pitch7989.mp4,strike,11
pitch7990.mp4,strike,11
pitch7991.mp4,ball,11
pitch7997.mp4,strike,11
pitch7999.mp4,strike,11
pitch8005.mp4,strike,11
pitch8007.mp4,ball,11
pitch8012.mp4,strike,11
pitch8015.mp4,strike,11
pitch8017.mp4,ball,11
pitch8019.mp4,ball,11
pitch8021.mp4,strike,11
pitch8024.mp4,ball,11
pitch8027.mp4,ball,11
pitch8031.mp4,strike,11
pitch8034.mp4,ball,11
pitch8037.mp4,strike,11
pitch8041.mp4,strike,11
pitch8045.mp4,ball,11
pitch8053.mp4,ball,11
pitch8054.mp4,strike,11
pitch8059.mp4,strike,11
pitch8063.mp4,strike,11
pitch8064.mp4,strike,11
pitch8066.mp4,ball,11
pitch8067.mp4,ball,11
pitch8068.mp4,strike,11
pitch8069.mp4,ball,11
pitch8071.mp4,ball,11
pitch8072.mp4,ball,11
pitch8078.mp4,ball,11
pitch8079.mp4,strike,11
pitch8082.mp4,ball,11
pitch8086.mp4,strike,11
pitch8087.mp4,strike,11
pitch8089.mp4,strike,11
pitch8091.mp4,ball,11
pitch8095.mp4,strike,11
pitch8097.mp4,ball,11
pitch8101.mp4,strike,11
pitch8104.mp4,strike,11
pitch8105.mp4,ball,11
pitch8106.mp4,ball,11
pitch8107.mp4,strike,11
pitch8110.mp4,strike,11
pitch8111.mp4,strike,11
pitch8113.mp4,strike,11
pitch8114.mp4,strike,11
pitch8116.mp4,strike,11
pitch8120.mp4,strike,11
pitch8122.mp4,strike,11
pitch8125.mp4,ball,11
pitch8126.mp4,strike,11
pitch8127.mp4,ball,11
pitch8128.mp4,strike,11
pitch8130.mp4,strike,11
pitch8132.mp4,strike,11
pitch8134.mp4,strike,11
pitch8136.mp4,strike,11
pitch8137.mp4,strike,11
pitch8138.mp4,ball,11
pitch8139.mp4,strike,11
pitch8141.mp4,strike,11
pitch8142.mp4,strike,11
pitch8145.mp4,ball,11
pitch8147.mp4,ball,11
pitch8148.mp4,ball,11
pitch8150.mp4,strike,11
pitch8152.mp4,strike,11
pitch8153.mp4,strike,11
pitch8158.mp4,strike,11
pitch8161.mp4,strike,11
pitch8162.mp4,strike,11
pitch8168.mp4,strike,11
pitch8170.mp4,strike,11
pitch8175.mp4,strike,11
pitch8179.mp4,strike,11
pitch8181.mp4,ball,11
pitch8184.mp4,strike,11
pitch8185.mp4,strike,11
pitch8187.mp4,ball,11
pitch8189.mp4,strike,11
pitch8192.mp4,strike,11
pitch8195.mp4,strike,11
pitch8196.mp4,ball,11
pitch8197.mp4,strike,11
pitch8199.mp4,ball,11
pitch8200.mp4,strike,11
pitch8210.mp4,strike,11
pitch8212.mp4,strike,11
pitch8213.mp4,strike,11
pitch8217.mp4,strike,11
pitch8222.mp4,strike,11
pitch8224.mp4,ball,11
pitch8225.mp4,ball,11
pitch8226.mp4,strike,11
pitch8227.mp4,strike,11
pitch8228.mp4,ball,11
pitch8231.mp4,ball,11
pitch8233.mp4,strike,11
pitch8234.mp4,ball,11
pitch8239.mp4,strike,11
pitch8240.mp4,strike,11
pitch8242.mp4,strike,11
pitch8244.mp4,strike,11
pitch8245.mp4,ball,11
pitch8246.mp4,strike,11
pitch8247.mp4,strike,11
pitch8250.mp4,ball,11
pitch8257.mp4,ball,11
pitch8258.mp4,strike,11
pitch8259.mp4,ball,11
pitch8264.mp4,strike,11
pitch8265.mp4,strike,11
pitch8272.mp4,ball,11
pitch8273.mp4,ball,11
pitch8275.mp4,strike,11
pitch8282.mp4,strike,11
pitch8286.mp4,strike,11
pitch8289.mp4,ball,11
pitch8291.mp4,strike,11
pitch8298.mp4,strike,11
pitch8302.mp4,strike,11
pitch8304.mp4,strike,11
pitch8305.mp4,ball,11
pitch8307.mp4,strike,11
pitch8308.mp4,strike,11
pitch8309.mp4,strike,11
pitch8310.mp4,strike,11
pitch8315.mp4,strike,11
pitch8319.mp4,ball,11
pitch8323.mp4,strike,11
pitch8324.mp4,ball,11
pitch8325.mp4,ball,11
pitch8327.mp4,strike,11
pitch8329.mp4,strike,11
pitch8331.mp4,ball,11
pitch8332.mp4,ball,11
pitch8333.mp4,strike,11
pitch8336.mp4,ball,11
pitch8337.mp4,strike,11
pitch8339.mp4,strike,11
pitch8344.mp4,ball,11
pitch8346.mp4,strike,11
pitch8349.mp4,strike,11
pitch8350.mp4,strike,11
pitch8356.mp4,strike,11
pitch8357.mp4,strike,11
pitch8359.mp4,ball,11
pitch8360.mp4,strike,11
pitch8361.mp4,strike,11
pitch8362.mp4,strike,11
pitch8364.mp4,ball,11
pitch8367.mp4,strike,11
pitch8371.mp4,ball,11
pitch8376.mp4,strike,11
pitch8378.mp4,strike,11
pitch8381.mp4,ball,11
pitch8382.mp4,strike,11
pitch8383.mp4,strike,11
pitch8384.mp4,strike,11
pitch8386.mp4,strike,11
pitch8387.mp4,strike,11
pitch8388.mp4,ball,11
pitch8389.mp4,strike,11
pitch8390.mp4,ball,11
pitch8391.mp4,strike,11
pitch8392.mp4,ball,11
pitch8394.mp4,strike,11
pitch8395.mp4,strike,11
pitch8399.mp4,strike,11
pitch8407.mp4,strike,11
pitch8408.mp4,ball,11
pitch8416.mp4,strike,11
pitch8421.mp4,ball,11
pitch8423.mp4,ball,11
pitch8427.mp4,strike,11
pitch8430.mp4,ball,11
pitch8439.mp4,strike,11
pitch8440.mp4,ball,11
pitch8441.mp4,ball,11
pitch8442.mp4,strike,11
pitch8447.mp4,ball,11
pitch8449.mp4,strike,11
pitch8450.mp4,ball,11
pitch8452.mp4,ball,11
pitch8454.mp4,strike,11
pitch8456.mp4,strike,11
pitch8461.mp4,strike,11
pitch8462.mp4,strike,11
pitch8465.mp4,strike,11
pitch8466.mp4,strike,11
pitch8467.mp4,ball,11
pitch8469.mp4,ball,11
pitch8470.mp4,strike,11
pitch8473.mp4,ball,11
pitch8475.mp4,strike,11
pitch8476.mp4,ball,11
pitch8477.mp4,strike,11
pitch8481.mp4,strike,11
pitch8482.mp4,strike,11
pitch8489.mp4,ball,11
pitch8490.mp4,ball,11
pitch8492.mp4,ball,11
pitch8496.mp4,strike,11
pitch8500.mp4,strike,11
pitch8501.mp4,strike,11
pitch8503.mp4,strike,11
pitch8504.mp4,strike,11
pitch8505.mp4,strike,11
pitch8506.mp4,ball,11
pitch8510.mp4,strike,11
pitch8513.mp4,ball,11
pitch8514.mp4,strike,11
pitch8515.mp4,strike,11
pitch8516.mp4,strike,11
pitch8517.mp4,strike,11
pitch8520.mp4,strike,11
pitch8522.mp4,strike,11
pitch8525.mp4,strike,11
pitch8526.mp4,ball,11
pitch8527.mp4,strike,11
pitch8528.mp4,strike,11
pitch8529.mp4,strike,11
pitch8531.mp4,strike,11
pitch8533.mp4,strike,11
pitch8536.mp4,strike,11
pitch8544.mp4,ball,11
pitch8546.mp4,strike,11
pitch8548.mp4,strike,11
pitch8549.mp4,strike,11
pitch8556.mp4,strike,11
pitch8561.mp4,strike,11
pitch8562.mp4,ball,11
pitch8564.mp4,strike,11
pitch8566.mp4,ball,11
pitch8569.mp4,ball,11
pitch8570.mp4,strike,11
pitch8574.mp4,ball,11
pitch8579.mp4,strike,11
pitch8583.mp4,strike,11
pitch8584.mp4,strike,11
pitch8585.mp4,strike,11
pitch8587.mp4,ball,11
pitch8590.mp4,ball,11
pitch8591.mp4,strike,11
pitch8595.mp4,strike,11
pitch8598.mp4,ball,11
pitch8599.mp4,strike,11
pitch8600.mp4,strike,11
pitch8603.mp4,strike,11
pitch8604.mp4,strike,11
pitch8605.mp4,strike,11
pitch8607.mp4,ball,11
pitch8609.mp4,ball,11
pitch8610.mp4,strike,11
pitch8612.mp4,strike,11
pitch8614.mp4,strike,11
pitch8615.mp4,strike,11
pitch8616.mp4,ball,11
pitch8619.mp4,strike,11
pitch8623.mp4,ball,11
pitch8624.mp4,ball,11
pitch8626.mp4,strike,11
pitch8629.mp4,strike,11
pitch8631.mp4,strike,11
pitch8633.mp4,ball,11
pitch8635.mp4,strike,11
pitch8637.mp4,strike,11
pitch8638.mp4,strike,11
pitch8639.mp4,strike,11
pitch8640.mp4,ball,11
pitch8643.mp4,strike,11
pitch8644.mp4,strike,11
pitch8645.mp4,strike,11
pitch8648.mp4,strike,11
pitch8650.mp4,strike,11
pitch8652.mp4,ball,11
pitch8658.mp4,strike,11
pitch8660.mp4,strike,11
pitch8661.mp4,ball,11
pitch8663.mp4,strike,11
pitch8667.mp4,strike,11
pitch8668.mp4,ball,11
pitch8669.mp4,strike,11
pitch8671.mp4,ball,11
pitch8674.mp4,ball,11
pitch8675.mp4,strike,11
pitch8682.mp4,strike,11
pitch8683.mp4,strike,11
pitch8686.mp4,strike,11
pitch8689.mp4,strike,11
pitch8691.mp4,strike,11
pitch8694.mp4,strike,11
pitch8696.mp4,ball,11
pitch8697.mp4,strike,11
pitch8699.mp4,strike,11
pitch8708.mp4,strike,11
pitch8709.mp4,strike,11
pitch8712.mp4,strike,11
pitch8715.mp4,strike,11
pitch8716.mp4,ball,11
pitch8717.mp4,strike,11
pitch8719.mp4,strike,11
pitch8722.mp4,strike,11
pitch8725.mp4,strike,11
pitch8726.mp4,ball,11
pitch8727.mp4,strike,11
pitch8728.mp4,strike,11
pitch8730.mp4,strike,11
pitch8734.mp4,strike,11
pitch8735.mp4,strike,11
pitch8736.mp4,ball,11
pitch8737.mp4,ball,11
pitch8738.mp4,strike,11
pitch8739.mp4,ball,11
pitch8740.mp4,strike,11
pitch8742.mp4,strike,11
pitch8746.mp4,strike,11
pitch8747.mp4,strike,11
pitch8748.mp4,strike,11
pitch8749.mp4,ball,11
pitch8751.mp4,strike,11
pitch8752.mp4,strike,11
pitch8753.mp4,strike,11
pitch8756.mp4,ball,11
pitch8759.mp4,strike,11
pitch8760.mp4,strike,11
pitch8763.mp4,strike,11
pitch8768.mp4,ball,11
pitch8770.mp4,strike,11
pitch8774.mp4,strike,11
pitch8775.mp4,ball,11
pitch8779.mp4,ball,11
pitch8780.mp4,strike,11
pitch8784.mp4,strike,11
pitch8785.mp4,strike,11
pitch8786.mp4,strike,11
pitch8787.mp4,strike,11
pitch8789.mp4,ball,11
pitch8790.mp4,ball,11
pitch8792.mp4,strike,11
pitch8799.mp4,ball,11
pitch8803.mp4,strike,11
pitch8806.mp4,strike,11
pitch8807.mp4,ball,11
pitch8814.mp4,strike,11
pitch8815.mp4,strike,11
pitch8817.mp4,strike,11
pitch8819.mp4,ball,11
pitch8820.mp4,ball,11
pitch8821.mp4,strike,11
pitch8828.mp4,strike,11
pitch8831.mp4,strike,11
pitch8834.mp4,strike,11
pitch8841.mp4,strike,11
pitch8842.mp4,ball,11
pitch8846.mp4,ball,11
pitch8848.mp4,strike,11
pitch8855.mp4,strike,11
pitch8856.mp4,strike,11
pitch8857.mp4,strike,11
pitch8859.mp4,strike,11
pitch8860.mp4,strike,11
pitch8861.mp4,strike,11
pitch8862.mp4,strike,11
pitch8864.mp4,strike,11
pitch8865.mp4,ball,11
pitch8867.mp4,strike,11
pitch8869.mp4,ball,11
pitch8870.mp4,strike,11
pitch8872.mp4,strike,11
pitch8874.mp4,strike,11
pitch8876.mp4,ball,11
pitch8878.mp4,ball,11
pitch8882.mp4,strike,11
pitch8883.mp4,strike,11
pitch8884.mp4,strike,11
pitch8885.mp4,strike,11
pitch8886.mp4,strike,11
pitch8887.mp4,strike,11
pitch8890.mp4,strike,11
pitch8891.mp4,strike,11
pitch8894.mp4,strike,11
pitch8896.mp4,strike,11
pitch8899.mp4,strike,11
pitch8901.mp4,ball,11
pitch8904.mp4,strike,11
pitch8906.mp4,ball,11
pitch8908.mp4,strike,11
pitch8909.mp4,ball,11
pitch8910.mp4,strike,11
pitch8911.mp4,strike,11
pitch8914.mp4,strike,11
pitch8917.mp4,strike,11
pitch8919.mp4,strike,11
pitch8920.mp4,ball,11
pitch8922.mp4,strike,11
pitch8923.mp4,strike,11
pitch8924.mp4,strike,11
pitch8927.mp4,ball,11
pitch8929.mp4,strike,11
pitch8932.mp4,strike,11
pitch8936.mp4,ball,11
pitch8939.mp4,ball,11
pitch8940.mp4,strike,11
pitch8941.mp4,strike,11
pitch8942.mp4,strike,11
pitch8943.mp4,strike,11
pitch8944.mp4,strike,11
pitch8945.mp4,strike,11
pitch8946.mp4,strike,11
pitch8948.mp4,strike,11
pitch8958.mp4,strike,11
pitch8960.mp4,ball,11
pitch8961.mp4,strike,11
pitch8964.mp4,strike,11
pitch8965.mp4,ball,11
pitch8968.mp4,strike,11
pitch8969.mp4,strike,11
pitch8973.mp4,ball,11
pitch8974.mp4,ball,11
pitch8975.mp4,strike,11
pitch8979.mp4,ball,11
pitch8980.mp4,ball,11
pitch8985.mp4,ball,11
pitch8990.mp4,strike,11
pitch8991.mp4,strike,11
pitch8992.mp4,strike,11
pitch9001.mp4,strike,11
pitch9003.mp4,strike,11
pitch9008.mp4,ball,11
pitch9010.mp4,ball,11
pitch9011.mp4,strike,11
pitch9012.mp4,ball,11
pitch9014.mp4,strike,11
pitch9020.mp4,ball,11
pitch9021.mp4,strike,11
pitch9023.mp4,strike,11
pitch9028.mp4,ball,11
pitch9030.mp4,strike,11
pitch9032.mp4,ball,11
pitch9038.mp4,strike,11
pitch9040.mp4,strike,11
pitch9041.mp4,ball,11
pitch9043.mp4,strike,11
pitch9044.mp4,ball,11
pitch9045.mp4,ball,11
pitch9048.mp4,ball,11
pitch9051.mp4,strike,11
pitch9053.mp4,strike,11
pitch9054.mp4,strike,11
pitch9057.mp4,ball,11
pitch9059.mp4,ball,11
pitch9063.mp4,strike,11
pitch9067.mp4,ball,11
pitch9068.mp4,strike,11
pitch9069.mp4,strike,11
pitch9072.mp4,strike,11
pitch9075.mp4,strike,11
pitch9077.mp4,strike,11
pitch9079.mp4,strike,11
pitch9080.mp4,strike,11
pitch9082.mp4,ball,11
pitch9084.mp4,strike,11
pitch9085.mp4,strike,11
pitch9086.mp4,strike,11
pitch9087.mp4,strike,11
pitch9091.mp4,strike,11
pitch9100.mp4,ball,11
pitch9103.mp4,ball,11
pitch9105.mp4,ball,11
pitch9106.mp4,strike,11
pitch9107.mp4,strike,11
pitch9120.mp4,ball,11
pitch9121.mp4,ball,11
pitch9123.mp4,strike,11
pitch9124.mp4,strike,11
pitch9128.mp4,ball,11
pitch9131.mp4,ball,11
pitch9132.mp4,strike,11
pitch9133.mp4,strike,11
pitch9135.mp4,ball,11
pitch9138.mp4,ball,11
pitch9140.mp4,strike,11
pitch9144.mp4,strike,11
pitch9145.mp4,strike,11
pitch9149.mp4,strike,11
pitch9150.mp4,ball,11
pitch9152.mp4,strike,11
pitch9156.mp4,strike,11
pitch9159.mp4,ball,11
pitch9161.mp4,ball,11
pitch9166.mp4,strike,11
pitch9168.mp4,ball,11
pitch9169.mp4,strike,11
pitch9172.mp4,ball,11
pitch9173.mp4,ball,11
pitch9177.mp4,strike,11
pitch9178.mp4,strike,11
pitch9179.mp4,strike,11
pitch9182.mp4,ball,11
pitch9183.mp4,strike,11
pitch9189.mp4,strike,11
pitch9190.mp4,strike,11
pitch9191.mp4,strike,11
pitch9194.mp4,strike,11
pitch9195.mp4,strike,11
pitch9196.mp4,strike,11
pitch9199.mp4,ball,11
pitch9200.mp4,strike,11
pitch9202.mp4,strike,11
pitch9203.mp4,strike,11
pitch9204.mp4,strike,11
pitch9205.mp4,ball,11
pitch9207.mp4,ball,11
pitch9209.mp4,strike,11
pitch9214.mp4,strike,11
pitch9216.mp4,ball,11
pitch9217.mp4,strike,11
pitch9219.mp4,strike,11
pitch9220.mp4,ball,11
pitch9225.mp4,strike,11
pitch9226.mp4,strike,11
pitch9227.mp4,strike,11
pitch9232.mp4,strike,11
pitch9233.mp4,strike,11
pitch9234.mp4,ball,11
pitch9236.mp4,strike,11
pitch9238.mp4,strike,11
pitch9243.mp4,ball,11
pitch9246.mp4,strike,11
pitch9247.mp4,strike,11
pitch9253.mp4,ball,11
pitch9255.mp4,strike,11
pitch9256.mp4,strike,11
pitch9260.mp4,strike,11
pitch9264.mp4,strike,11
pitch9266.mp4,strike,11
pitch9267.mp4,strike,11
pitch9270.mp4,strike,11
pitch9271.mp4,ball,11
pitch9272.mp4,ball,11
pitch9273.mp4,strike,11
pitch9278.mp4,strike,11
pitch9286.mp4,strike,11
pitch9287.mp4,strike,11
pitch9289.mp4,strike,11
pitch9293.mp4,ball,11
pitch9295.mp4,strike,11
pitch9298.mp4,strike,11
pitch9302.mp4,strike,11
pitch9305.mp4,ball,11
pitch9307.mp4,strike,11
pitch9309.mp4,ball,11
pitch9313.mp4,strike,11
pitch9317.mp4,strike,11
pitch9319.mp4,ball,11
pitch9320.mp4,strike,11
pitch9321.mp4,strike,11
pitch9325.mp4,strike,11
pitch9330.mp4,strike,11
pitch9337.mp4,strike,11
pitch9338.mp4,strike,11
pitch9340.mp4,ball,11
pitch9342.mp4,strike,11
pitch9344.mp4,ball,11
pitch9345.mp4,ball,11
pitch9349.mp4,strike,11
pitch9353.mp4,strike,11
pitch9356.mp4,ball,11
pitch9357.mp4,strike,11
pitch9358.mp4,ball,11
pitch9359.mp4,strike,11
pitch9370.mp4,strike,11
pitch9371.mp4,strike,11
pitch9373.mp4,strike,11
pitch9376.mp4,strike,11
pitch9378.mp4,strike,11
pitch9379.mp4,ball,11
pitch9380.mp4,strike,11
pitch9382.mp4,strike,11
pitch9388.mp4,strike,11
pitch9392.mp4,strike,11
pitch9394.mp4,strike,11
pitch9395.mp4,strike,11
pitch9396.mp4,ball,11
pitch9397.mp4,strike,11
pitch9399.mp4,ball,11
pitch9407.mp4,ball,11
pitch9409.mp4,strike,11
pitch9411.mp4,strike,11
pitch9412.mp4,strike,11
pitch9413.mp4,strike,11
pitch9421.mp4,strike,11
pitch9426.mp4,strike,11
pitch9428.mp4,ball,11
pitch9429.mp4,ball,11
pitch9434.mp4,strike,11
pitch9436.mp4,strike,11
pitch9439.mp4,strike,11
pitch9442.mp4,ball,11
pitch9443.mp4,strike,11
pitch9444.mp4,strike,11
pitch9451.mp4,strike,11
pitch9452.mp4,ball,11
pitch9455.mp4,ball,11
pitch9458.mp4,ball,11
pitch9461.mp4,ball,11
pitch9464.mp4,strike,11
pitch9465.mp4,strike,11
pitch9467.mp4,strike,11
pitch9471.mp4,strike,11
pitch9473.mp4,ball,11
pitch9474.mp4,strike,11
pitch9475.mp4,strike,11
pitch9478.mp4,strike,11
pitch9479.mp4,strike,11
pitch9481.mp4,strike,11
pitch9485.mp4,strike,11
pitch9486.mp4,strike,11
pitch9487.mp4,ball,11
pitch9488.mp4,strike,11
pitch9489.mp4,ball,11
pitch9492.mp4,ball,11
pitch9493.mp4,strike,11
pitch9498.mp4,strike,11
pitch9503.mp4,ball,11
pitch9510.mp4,strike,11
pitch9512.mp4,strike,11
pitch9517.mp4,strike,11
pitch9518.mp4,strike,11
pitch9519.mp4,strike,11
pitch9521.mp4,ball,11
pitch9524.mp4,strike,11
pitch9527.mp4,strike,11
pitch9530.mp4,strike,11
pitch9533.mp4,ball,11
pitch9534.mp4,strike,11
pitch9539.mp4,strike,11
pitch9540.mp4,strike,11
pitch9541.mp4,ball,11
pitch9544.mp4,ball,11
pitch9547.mp4,strike,11
pitch9548.mp4,ball,11
pitch9554.mp4,ball,11
pitch9555.mp4,strike,11
pitch9556.mp4,strike,11
pitch9557.mp4,strike,11
pitch9558.mp4,strike,11
pitch9561.mp4,strike,11
pitch9562.mp4,strike,11
pitch9574.mp4,ball,11
pitch9575.mp4,strike,11
pitch9581.mp4,strike,11
pitch9584.mp4,ball,11
pitch9586.mp4,strike,11
pitch9588.mp4,strike,11
pitch9594.mp4,strike,11
pitch9599.mp4,strike,11
pitch9601.mp4,ball,11
pitch9603.mp4,strike,11
pitch9609.mp4,strike,11
pitch9614.mp4,ball,11
pitch9617.mp4,strike,11
pitch9623.mp4,strike,11
pitch9625.mp4,ball,11
pitch9628.mp4,ball,11
pitch9631.mp4,strike,11
pitch9632.mp4,ball,11
pitch9634.mp4,strike,11
pitch9636.mp4,strike,11
pitch9637.mp4,strike,11
pitch9638.mp4,strike,11
pitch9643.mp4,strike,11
pitch9644.mp4,strike,11
pitch9645.mp4,ball,11
pitch9652.mp4,strike,11
pitch9654.mp4,ball,11
pitch9655.mp4,ball,11
pitch9660.mp4,strike,11
pitch9661.mp4,strike,11
pitch9663.mp4,strike,11
pitch9672.mp4,strike,11
pitch9675.mp4,strike,11
pitch9677.mp4,strike,11
pitch9680.mp4,ball,11
pitch9682.mp4,strike,11
pitch9683.mp4,ball,11
pitch9684.mp4,strike,11
pitch9686.mp4,ball,11
pitch9687.mp4,strike,11
pitch9690.mp4,strike,11
pitch9691.mp4,ball,11
pitch9692.mp4,strike,11
pitch9693.mp4,strike,11
pitch9695.mp4,strike,11
pitch9698.mp4,ball,11
pitch9699.mp4,strike,11
pitch9702.mp4,ball,11
pitch9708.mp4,strike,11
pitch9709.mp4,ball,11
pitch9715.mp4,strike,11
pitch9716.mp4,strike,11
pitch9721.mp4,strike,11
pitch9722.mp4,ball,11
pitch9723.mp4,strike,11
pitch9727.mp4,strike,11
pitch9733.mp4,strike,11
pitch9734.mp4,ball,11
pitch9735.mp4,strike,11
pitch9739.mp4,strike,11
pitch9740.mp4,strike,11
pitch9746.mp4,strike,11
pitch9748.mp4,strike,11
pitch9749.mp4,ball,11
pitch9752.mp4,ball,11
pitch9754.mp4,strike,11
pitch9756.mp4,strike,11
pitch9758.mp4,strike,11
pitch9759.mp4,strike,11
pitch9761.mp4,ball,11
pitch9762.mp4,strike,11
pitch9763.mp4,strike,11
pitch9767.mp4,ball,11
pitch9768.mp4,strike,11
pitch9769.mp4,strike,11
pitch9771.mp4,strike,11
pitch9773.mp4,strike,11
pitch9774.mp4,strike,11
pitch9776.mp4,strike,11
pitch9777.mp4,strike,11
pitch9782.mp4,strike,11
pitch9790.mp4,strike,11
pitch9794.mp4,strike,11
pitch9799.mp4,strike,11
pitch9801.mp4,strike,11
pitch9802.mp4,strike,11
pitch9803.mp4,strike,11
pitch9804.mp4,ball,11
pitch9806.mp4,strike,11
pitch9811.mp4,strike,11
pitch9814.mp4,strike,11
pitch9815.mp4,ball,11
pitch9817.mp4,strike,11
pitch9818.mp4,strike,11
pitch9820.mp4,strike,11
pitch9821.mp4,ball,11
pitch9822.mp4,ball,11
pitch9824.mp4,strike,11
pitch9825.mp4,strike,11
pitch9826.mp4,ball,11
pitch9828.mp4,strike,11
pitch9829.mp4,ball,11
pitch9830.mp4,strike,11
pitch9834.mp4,ball,11
pitch9845.mp4,ball,11
pitch9855.mp4,strike,11
pitch9860.mp4,strike,11
pitch9862.mp4,strike,11
pitch9864.mp4,strike,11
pitch9866.mp4,strike,11
pitch9869.mp4,strike,11
pitch9872.mp4,strike,11
pitch9873.mp4,ball,11
pitch9878.mp4,strike,11
pitch9880.mp4,strike,11
pitch9884.mp4,strike,11
pitch9885.mp4,ball,11
pitch9887.mp4,strike,11
pitch9891.mp4,strike,11
pitch9892.mp4,strike,11
pitch9893.mp4,strike,11
pitch9898.mp4,strike,11
pitch9902.mp4,ball,11
pitch9909.mp4,strike,11
pitch9913.mp4,strike,11
pitch9915.mp4,ball,11
pitch9916.mp4,strike,11
pitch9918.mp4,strike,11
pitch9919.mp4,strike,11
pitch9925.mp4,strike,11
pitch9926.mp4,strike,11
pitch9936.mp4,strike,11
pitch9937.mp4,ball,11
pitch9938.mp4,strike,11
pitch9939.mp4,strike,11
pitch9943.mp4,strike,11
pitch9945.mp4,strike,11
pitch9946.mp4,strike,11
pitch9947.mp4,strike,11
pitch9949.mp4,strike,11
pitch9950.mp4,strike,11
pitch9958.mp4,strike,11
pitch9963.mp4,strike,11
pitch9966.mp4,strike,11
pitch9967.mp4,ball,11
pitch9968.mp4,ball,11
pitch9969.mp4,ball,11
pitch9970.mp4,ball,11
pitch9972.mp4,strike,11
pitch9973.mp4,strike,11
pitch9978.mp4,strike,11
pitch9979.mp4,strike,11
pitch9980.mp4,ball,11
pitch9982.mp4,strike,11
pitch9988.mp4,strike,11
pitch9989.mp4,ball,11
pitch9990.mp4,strike,11
pitch9993.mp4,strike,11
pitch9995.mp4,strike,11
pitch9998.mp4,strike,11
pitch9999.mp4,strike,11
